"IntentContract","IntentEmail","Manip01","Manip02","Manip03","PriceQuality","PsychOwn01","PsychOwn02","PsychOwn03","PsychOwn04","GWA01","GWA02","GWA03","GWA04","CFC01","CFC02","CFC03","CFC04","CFC05","CFC06","CFC07","CFC08","CFC09","CFC10","CFC11","CFC12","CFC13","CFC14","BVO01","BVO02","BVO03","BVO04","Secure01","Secure02","Secure03","Secure04","Privacy01","Privacy02","Privacy03","Privacy04","BikeOwn","BikeShare","BikeStolen","CarLicense","CarAccess","BikeFreq","BikePurpose","BikeDuration","TravelMode","Travel01","Travel02","Travel03","dGender","YrBirth","dIBA","SatFac","HrPWork","HrVWork","HrClass","HrStud","cLiving","cLocate","dPreMas","dSports","dFraternity","dAssoc","dAbroad","Control01","Control02","Control03","SurveyDifficult","SurveyMotive","SurveyLike","SurveyBoring","SurveyClear"
71,80,2,1,2,3.72727272727273,4,7,3,3,2,2,2,1,3,2,4,4,3,4,4,3,4,4,4,4,3,3,4,3,4,3,2,4,3,1,2,2,2,2,1,1,2,2,2,2,1,15,4,3,1,1,2,1998,1,30,12,0,12,20,1,2,2,1,2,2,2,1,1,2,2,2,2,1,1
15,30,3,1,2,1.96153846153846,2,3,2,6,1,3,1,4,4,2,2,2,4,4,2,4,3,2,2,3,4,4,3,4,3,4,2,4,2,2,2,4,2,4,1,1,2,1,2,3,1,7,2,-2,-2,-3,1,1999,1,70,6,0,8,5,1,1,2,1,2,1,2,3,1,2,1,2,2,2,1
6,10,3,1,2,2.81818181818182,2,4,2,5,1,1,1,1,4,3,2,1,5,5,2,5,4,1,2,4,5,5,3,4,3,1,2,4,3,1,2,2,2,2,1,2,1,1,1,5,3,15,2,3,5,5,1,1997,1,55,36,0,0,1,2,1,2,2,1,1,2,3,1,2,2,1,2,1,1
1,1,3,2,1,1.47619047619048,1,1,1,7,1,4,1,4,5,4,2,1,4,4,4,2,2,2,1,3,5,4,4,4,4,4,3,4,2,3,2,3,2,2,1,2,2,1,2,2,1,15,4,-2,-5,1,2,1999,2,60,0,4,12,10,2,1,2,1,2,2,1,3,1,1,2,2,2,1,1
20,1,2,2,1,4.63636363636364,6,6,6,2,2,2,1,3,2,2,4,4,4,4,2,4,4,4,4,3,1,1,2,2,4,5,4,4,2,1,4,4,4,4,1,2,2,1,1,2,1,5,1,5,4,5,2,1997,1,41,0,0,4,6,1,4,2,1,1,2,2,3,2,1,2,2,2,1,1
9,7,3,1,3,1.76923076923077,2,2,1,7,2,1,2,3,4,2,3,1,4,3,4,4,3,2,3,4,4,2,6,6,6,5,2,5,3,1,2,2,3,2,1,2,1,1,1,2,1,20,4,0,-3,4,1,1997,1,12,0,0,6,5,1,2,2,2,2,2,1,3,1,4,2,1,1,2,1
16,27,1,1,3,2.23076923076923,3,3,2,3,1,1,2,2,4,4,4,4,2,5,4,4,2,3,5,4,4,4,6,6,5,6,2,3,2,2,2,4,4,2,1,2,1,1,1,2,2,12,4,2,2,5,1,1998,1,17,25,5,0,15,4,1,2,1,2,2,2,2,2,3,2,2,2,2,1
5,10,3,2,3,1,1,1,1,7,3,2,1,1,4,3,3,1,3,2,4,4,1,1,2,2,4,4,6,6,5,5,4,5,5,2,2,3,2,2,1,2,2,1,1,5,3,10,2,2,4,4,2,1999,1,65,11,0,11,16,3,3,2,2,2,2,2,3,2,3,2,1,2,1,1
41,40,3,2,3,0.368421052631579,3,4,2,5,1,2,3,3,4,3,3,1,3,4,3,3,3,3,1,3,5,3,5,5,6,4,3,5,4,3,3,3,3,3,2,2,2,2,2,1,3,25,2,3,5,3,1,1996,1,66,0,0,12,20,4,1,2,2,2,2,1,3,2,2,2,1,1,2,1
10,0,1,1,1,1.64516129032258,6,2,5,2,2,1,1,2,4,3,3,3,2,4,3,5,3,3,3,4,1,4,5,4,3,5,2,4,3,1,2,2,1,1,1,2,2,1,1,3,1,15,2,-2,3,4,1,1998,1,70,8,0,15,15,3,4,2,1,2,2,2,5,1,1,1,1,2,1,2
29,29,1,2,1,1.02941176470588,6,6,6,2,1,1,1,4,3,3,3,3,3,3,3,3,3,3,3,3,3,3,1,1,1,1,3,4,2,2,1,1,1,1,1,1,2,1,1,2,1,15,4,5,5,5,1,1999,1,70,24,0,3,4,1,4,2,1,1,1,2,1,1,3,2,2,2,1,1
7,8,3,2,2,1.90909090909091,2,3,3,5,1,3,3,2,2,2,3,2,4,2,4,3,2,4,2,2,4,4,3,3,3,4,4,5,5,4,3,4,4,2,1,2,2,1,1,2,1,20,2,3,-3,2,1,1999,1,75,10,1,14,10,3,4,2,1,2,1,2,3,2,2,2,2,2,1,1
60,10,2,2,1,3.1875,2,2,3,5,1,1,1,2,4,2,2,2,3,4,4,3,2,2,2,3,4,4,3,2,2,2,5,5,4,3,4,4,4,4,1,2,2,1,1,4,4,5,1,1,3,3,1,1997,1,90,8,2,8,35,3,4,1,2,2,1,1,2,1,2,2,1,1,2,1
78,12,2,1,1,1,1,1,3,7,3,2,1,1,4,2,4,2,4,4,2,3,2,4,1,3,4,2,4,4,4,4,4,4,1,1,3,4,2,2,2,2,1,1,1,5,1,20,2,-5,5,2,1,1996,1,8,25,2,6,3,3,2,2,1,2,2,2,1,2,2,2,2,1,2,1
65,10,2,2,3,0.722222222222222,2,2,2,7,2,1,2,1,3,2,4,4,4,3,4,3,2,2,3,3,4,4,3,4,4,4,4,3,3,4,2,2,4,2,1,2,2,1,1,2,2,15,2,2,2,2,1,1999,1,70,12,0,8,10,3,3,2,1,2,1,2,2,2,3,2,2,1,2,1
70,10,1,2,1,0.51219512195122,2,5,2,6,2,4,3,3,4,4,2,3,4,4,4,4,2,1,2,3,4,4,5,5,5,4,4,5,3,2,2,4,2,2,1,2,2,1,1,3,4,30,2,-3,-4,-2,2,1993,1,91,0,4,20,12,3,4,2,1,2,1,2,1,2,1,1,1,2,2,1
0,0,1,1,2,1.95238095238095,2,2,2,6,1,1,1,1,3,3,2,2,2,2,4,3,2,2,2,3,3,4,3,2,3,2,4,4,3,3,3,3,3,3,1,2,2,1,1,3,1,10,2,0,1,5,1,1997,1,0,7,0,10,15,3,3,2,1,2,2,2,3,1,2,2,2,2,1,1
81,30,3,2,1,2.81818181818182,2,4,2,6,2,1,1,3,3,3,4,3,5,4,3,4,3,2,3,3,3,3,4,4,4,4,2,4,4,3,2,2,2,2,1,2,2,1,1,2,1,5,4,0,-3,4,2,1999,1,78,0,0,2,20,1,2,2,1,1,2,2,3,1,3,2,1,1,2,2
70,85,2,1,3,2.42857142857143,2,3,2,7,3,2,3,2,4,3,2,2,4,3,4,3,2,2,2,4,4,4,4,3,5,4,4,5,4,3,3,4,2,2,1,2,2,1,1,4,2,20,2,4,2,3,2,1998,1,85,15,0,10,6,3,2,2,1,2,2,2,2,1,3,2,1,1,2,1
20,32,3,1,3,0.67741935483871,4,4,3,2,1,1,1,3,3,3,2,3,3,3,3,3,3,3,3,3,2,3,3,3,3,3,3,2,3,4,3,3,2,2,1,2,2,1,1,1,3,10,1,-2,-2,5,2,1998,1,68,20,0,3,15,3,4,2,1,2,2,2,5,1,1,2,1,1,2,1
0,0,2,1,2,1.23809523809524,6,2,5,3,1,3,2,2,3,2,1,2,4,5,4,3,1,1,4,3,3,4,4,5,5,3,3,5,4,1,3,3,2,3,2,2,1,1,1,1,4,8,6,2,2,3,1,1997,1,71,20,0,10,10,1,1,2,1,2,1,2,2,1,2,2,1,1,2,1
80,30,2,2,2,1,3,3,3,5,1,3,3,2,3,3,3,4,4,2,3,3,3,3,3,4,3,2,4,4,4,4,2,4,3,1,3,3,3,3,1,2,2,2,1,2,1,15,2,3,1,0,1,1999,1,75,12,2,10,14,3,2,2,1,2,2,2,2,2,2,1,1,1,2,1
4,3,3,1,1,0.354838709677419,5,3,5,3,3,3,4,1,3,3,2,2,4,4,4,3,2,2,2,4,3,3,5,5,4,3,3,4,2,2,3,3,3,4,1,2,1,1,2,3,2,20,2,-3,2,-1,1,1998,1,72,32,0,5,10,2,1,2,2,2,2,2,3,1,1,2,1,1,2,1
10,30,3,1,3,1.96153846153846,5,5,5,3,2,2,3,3,3,3,3,4,4,3,4,2,3,4,2,3,3,3,4,5,4,5,3,4,3,4,4,4,3,4,2,2,1,1,1,2,2,20,4,3,3,1,1,1998,1,70,9,0,6,6,4,4,2,1,2,2,2,3,1,3,1,2,1,2,1
30,2,1,2,1,0.607843137254902,1,4,1,6,1,2,3,3,2,5,4,4,4,1,4,3,4,4,4,4,2,1,3,4,4,2,1,4,2,2,4,2,4,4,1,1,1,1,1,3,2,15,2,3,0,3,1,1999,1,66,10,0,5,1,3,2,2,2,2,2,2,1,2,1,1,1,1,2,1
30,100,1,1,1,0.508196721311475,4,6,4,2,4,2,4,2,4,4,4,3,2,3,2,4,4,4,3,3,4,3,5,4,5,4,4,4,2,3,4,3,4,5,1,2,1,2,2,4,4,25,2,-3,2,0,1,1999,1,80,12,2,6,2,1,1,2,1,2,2,2,1,1,3,2,2,2,2,1
50,30,3,2,1,4.63636363636364,1,1,1,7,1,2,3,2,4,4,3,4,4,3,4,4,3,3,2,3,4,4,4,4,4,4,4,4,4,2,3,2,3,3,1,2,2,2,2,5,3,20,3,0,1,-3,1,1998,2,70,10,0,5,40,2,2,2,1,2,2,1,3,2,1,2,2,2,1,2
80,0,2,1,2,1.23809523809524,3,3,2,4,2,2,3,2,3,4,2,4,3,4,4,4,2,2,3,4,4,4,3,4,6,3,4,5,5,2,1,1,1,1,1,2,2,1,1,5,3,25,2,-4,-1,3,2,1998,1,72,0,8,16,25,3,5,2,2,2,1,2,1,1,2,2,2,2,1,1
4,45,3,2,2,5.0625,3,2,3,5,1,3,2,2,4,4,2,2,5,2,3,4,2,3,2,4,5,4,5,5,6,4,4,4,3,3,2,3,2,2,1,2,2,1,1,2,1,35,4,4,4,5,1,1998,1,78,0,0,16,40,2,1,2,2,2,2,1,3,1,2,2,1,1,2,1
15,61,3,1,2,1.90909090909091,4,4,3,5,3,1,1,3,4,3,1,1,4,4,4,3,2,2,1,3,4,4,5,4,4,3,2,5,3,1,1,2,2,2,1,2,1,1,2,2,1,10,4,1,-3,1,1,1999,1,75,0,0,5,30,2,1,2,2,1,2,2,3,1,2,2,1,1,2,1
0,0,3,1,2,41,1,1,1,7,1,1,1,3,4,4,4,4,4,3,4,4,4,4,4,4,4,4,5,5,5,5,3,4,4,4,2,2,2,2,1,2,1,1,1,5,2,25,4,3,-2,4,1,1996,1,30,16,6,8,20,1,1,2,1,1,1,1,1,1,3,2,1,1,2,1
0,0,3,2,3,1.90909090909091,1,3,1,7,3,1,1,2,4,3,3,2,4,4,4,4,3,2,3,4,4,3,5,4,4,5,2,5,4,2,4,3,4,4,1,2,2,1,1,3,1,15,4,3,-4,3,1,1992,1,10,0,0,6,6,4,1,2,1,2,2,2,2,2,3,2,2,1,2,1
10,10,1,1,1,1.24390243902439,1,2,2,7,2,2,3,4,4,4,1,4,2,4,4,5,1,1,1,2,4,4,5,5,5,5,4,5,4,1,4,4,4,4,1,2,1,1,1,2,1,15,4,0,-4,4,1,1995,1,65,25,0,10,25,1,1,2,1,2,2,1,1,1,1,2,1,1,2,1
0,0,1,1,2,1.24390243902439,1,1,1,7,1,1,1,1,5,5,1,1,2,5,5,2,1,2,1,3,4,4,4,4,4,4,4,5,3,1,5,3,1,1,1,1,2,1,1,2,3,60,2,4,4,5,1,1997,1,80,10,0,20,30,1,1,2,1,2,1,2,5,1,2,1,2,1,2,2
40,71,1,1,2,1.96774193548387,1,2,1,7,1,3,3,2,4,4,4,4,4,4,4,4,4,4,4,4,4,4,4,4,3,3,3,5,4,3,3,2,2,3,1,1,2,1,1,2,3,6,2,1,3,0,1,1997,1,78,0,0,2,3,2,2,2,2,1,2,2,1,1,2,2,1,1,2,1
15,30,3,2,2,3,3,6,2,4,1,2,3,2,2,2,2,3,4,2,4,4,2,2,3,4,3,4,3,4,3,2,2,5,4,4,2,2,2,3,1,1,2,1,1,4,2,30,2,2,5,3,2,1999,1,76,4,3,14,16,1,1,2,1,2,1,2,3,2,2,2,1,2,2,1
0,100,2,2,3,2.81818181818182,4,4,4,1,1,1,2,1,4,4,3,2,4,5,4,4,1,1,3,2,4,5,3,3,3,2,4,5,5,3,5,2,5,2,2,2,1,1,1,4,1,10,3,0,5,5,1,1998,1,50,4,4,0,20,2,2,2,1,1,2,1,5,1,3,2,1,1,2,1
0,100,3,1,1,1,1,1,1,7,2,4,2,4,4,4,3,2,5,4,2,3,3,1,2,2,5,4,4,4,4,4,2,5,2,1,2,3,2,2,1,2,2,1,1,2,1,55,2,2,-2,-3,1,1996,1,18,3,3,25,20,3,4,1,1,2,1,1,3,1,1,2,1,1,2,1
65,80,3,2,2,41,5,5,3,2,2,3,1,4,4,3,1,2,3,4,4,2,1,2,1,2,5,4,5,5,5,4,3,4,2,1,4,4,4,4,1,2,2,2,2,2,1,15,4,2,-4,-4,2,1999,1,60,8,2,8,12,2,1,2,1,1,1,1,3,1,2,2,1,2,1,1
70,65,2,2,1,1,1,1,4,7,1,4,3,4,4,3,3,2,4,4,4,3,3,2,2,4,4,2,5,4,5,4,3,3,3,2,4,3,4,4,1,2,2,1,1,2,1,15,4,-4,-4,-3,2,1996,1,70,14,0,8,15,1,4,2,2,2,2,2,2,2,1,2,1,1,2,1
0,0,1,2,1,6.45454545454545,2,4,1,6,1,1,2,4,3,2,1,2,4,3,4,4,2,1,3,3,4,3,4,4,4,3,5,5,2,1,1,1,1,1,1,2,2,1,1,2,1,15,2,2,-4,5,2,1997,1,75,0,0,45,30,5,1,2,1,1,2,1,2,1,2,2,2,1,1,1
100,100,2,1,3,2.81818181818182,6,3,2,3,1,2,3,2,5,3,2,2,4,4,4,4,1,2,2,2,5,4,5,5,5,5,3,5,3,3,3,3,3,3,2,1,1,2,2,2,2,15,2,-3,1,-2,2,1998,1,90,15,0,16,14,1,4,2,1,2,1,2,2,1,3,2,1,1,2,1
77,41,1,2,1,3.1875,1,2,1,7,2,3,3,4,4,3,2,2,3,3,4,3,3,3,2,3,4,4,4,5,4,3,2,4,2,1,2,4,4,3,1,2,1,2,2,2,3,20,4,-2,-4,-3,2,1998,1,72,0,0,10,20,3,2,2,1,1,2,2,1,2,2,2,1,2,2,1
81,29,2,2,2,2.36363636363636,5,5,5,3,2,4,2,4,4,3,2,2,4,3,4,3,2,3,2,4,4,4,5,5,4,4,3,4,2,1,2,3,2,2,1,2,1,1,1,2,1,30,4,4,-5,0,2,1998,1,61,4,0,10,10,1,2,2,1,1,2,2,3,2,3,2,1,2,2,1
10,39,1,2,3,1,2,6,6,5,1,2,2,2,4,4,2,2,4,4,3,3,2,2,2,4,4,4,2,4,4,3,2,3,2,2,3,3,4,3,1,2,1,1,1,2,1,15,1,3,0,0,1,1999,1,68,12,0,5,15,1,1,2,1,2,2,2,5,2,3,2,1,1,2,1
40,10,1,2,1,2.9047619047619,1,1,1,7,1,1,1,2,4,4,3,4,4,2,3,3,4,3,3,3,5,4,3,4,5,3,3,5,3,2,2,2,2,2,1,2,2,1,1,3,4,10,2,3,2,4,2,1997,1,80,0,6,8,12,2,5,2,1,2,2,1,1,1,2,1,1,1,2,2
66,32,1,1,3,1.47619047619048,2,2,2,6,2,3,1,3,4,2,1,2,4,5,4,3,2,2,2,2,4,4,3,3,3,3,2,4,2,4,2,2,2,2,1,2,2,1,1,2,1,40,4,-4,-3,3,2,1995,1,85,8,0,10,30,1,1,2,1,2,2,2,1,1,3,2,1,1,2,1
19,71,1,1,3,1.96774193548387,2,3,2,6,1,3,4,1,4,2,4,4,3,4,4,4,4,2,4,4,5,5,4,2,5,3,2,4,4,1,4,5,4,4,1,2,1,1,1,3,1,30,2,-3,5,5,1,1998,1,60,6,0,8,4,1,4,2,1,1,2,2,1,1,3,1,2,1,2,1
70,0,2,1,1,1,6,6,5,5,1,2,3,2,4,4,3,3,3,4,4,4,4,4,5,4,4,4,6,6,6,6,3,5,4,5,2,2,2,2,1,1,1,1,1,3,3,20,2,2,1,-2,1,1998,1,61,0,0,4,10,2,1,2,1,1,2,1,1,1,1,1,2,2,1,1
40,6,2,1,1,1.90909090909091,3,4,2,6,2,4,1,3,4,2,1,2,3,4,3,3,2,1,4,2,3,4,5,5,5,4,2,5,5,1,3,5,4,4,1,2,1,1,1,2,1,15,4,-4,-3,-3,2,1998,1,20,6,0,6,3,1,2,2,1,1,2,2,2,1,3,2,1,1,2,1
50,10,3,1,2,1.47619047619048,1,1,1,7,2,2,2,2,3,3,4,4,3,2,4,3,3,4,3,3,4,2,4,3,4,3,2,4,3,1,3,4,3,3,1,2,2,1,1,2,1,7,4,3,1,2,2,1999,1,70,8,0,4,6,1,1,2,1,2,2,2,3,1,2,1,2,2,1,2
45,56,3,2,3,3.72727272727273,3,3,3,6,1,2,1,2,4,3,2,2,4,3,4,3,2,3,3,2,4,3,3,3,3,2,3,4,4,4,2,2,2,2,1,1,2,1,1,2,1,15,4,4,1,2,2,1999,1,64,8,1,10,10,1,1,2,1,1,2,2,3,2,2,2,1,1,1,1
68,72,1,2,2,4.125,2,3,2,6,2,2,3,3,4,2,4,1,4,3,3,2,2,4,3,2,4,2,3,4,4,3,2,4,3,2,4,3,4,4,1,2,1,1,1,2,1,15,2,-2,1,3,2,1998,1,70,8,0,6,15,1,1,2,2,1,2,2,2,2,2,2,2,1,2,1
20,10,2,2,2,0.838709677419355,6,6,6,7,1,2,2,3,2,2,4,4,4,2,3,3,2,4,4,4,3,2,4,4,4,4,4,4,2,1,4,3,4,4,1,2,2,1,1,2,3,30,2,5,1,3,1,1998,1,45,0,0,16,5,3,1,2,1,2,2,2,2,1,2,2,2,2,1,1
36,47,1,1,2,49.5,1,1,1,1,4,4,4,4,1,1,1,1,1,1,1,1,1,1,1,1,1,1,1,3,1,2,1,1,1,1,1,1,1,1,2,1,2,1,2,1,5,12,6,5,5,5,3,1999,2,100,59,59,59,59,4,2,2,1,1,1,1,5,4,2,1,2,1,2,1
30,0,2,2,3,0.523809523809524,2,2,2,6,1,3,1,3,3,4,1,2,4,3,5,4,2,2,2,1,5,3,4,5,4,3,3,4,1,1,3,4,4,4,1,2,2,1,1,3,1,10,2,5,1,3,2,1998,1,85,8,0,2,10,1,1,2,1,2,1,2,2,1,3,2,2,2,1,1
10,50,3,1,2,1,1,1,1,7,4,4,4,4,5,3,2,2,2,4,5,4,2,2,3,2,4,3,6,6,5,6,4,5,4,1,2,4,2,3,1,2,1,1,2,2,1,12,4,1,-4,-5,1,1995,1,65,12,0,6,6,4,1,2,1,1,2,2,3,1,2,2,1,1,2,1
40,41,2,2,2,1.45454545454545,1,1,1,7,2,2,3,3,2,2,2,3,4,3,4,4,2,2,2,3,4,3,5,4,5,4,4,4,4,3,3,2,2,3,1,2,1,2,1,2,1,15,2,1,-1,1,2,1998,1,84,24,0,12,10,3,2,2,1,2,2,2,2,1,2,2,1,1,2,1
60,100,3,2,2,0.268292682926829,1,1,1,7,2,3,1,4,4,4,2,2,4,3,4,3,2,4,2,3,4,4,5,5,5,5,1,5,3,1,4,4,4,4,1,2,2,1,1,2,1,15,2,4,-2,0,1,1998,1,68,6,0,8,1,3,4,2,1,2,2,2,3,2,2,2,1,1,2,1
40,72,1,2,3,2.9047619047619,3,3,3,7,2,2,1,1,4,3,3,4,3,1,3,3,3,4,4,3,2,1,5,4,6,5,2,4,4,2,1,1,1,1,1,2,2,1,1,2,1,10,4,-2,3,3,2,1999,2,72,16,0,5,20,2,1,2,1,2,1,1,1,1,3,2,2,2,1,1
35,60,3,1,1,1.47619047619048,2,2,2,6,2,3,3,3,4,3,2,2,4,4,4,4,2,2,2,3,4,4,5,5,5,5,3,4,3,4,4,4,4,4,1,1,2,1,1,2,1,30,2,3,-2,0,2,1999,1,71,5,0,5,15,3,1,2,1,2,1,2,3,1,3,2,1,1,1,1
0,0,1,1,1,1.64516129032258,1,1,1,7,4,4,4,1,4,4,1,1,5,2,4,3,2,1,1,4,4,5,6,5,6,6,2,5,5,3,2,4,2,2,1,2,1,2,2,3,2,0,2,-4,4,4,1,1995,1,90,20,0,15,10,2,1,2,1,2,2,2,1,2,2,2,1,2,1,1
35,43,2,1,3,3.27272727272727,2,2,2,6,2,2,2,3,4,3,5,4,2,2,2,4,2,1,2,2,4,4,2,5,4,3,2,4,4,4,4,2,3,4,1,2,2,1,2,5,1,5,2,1,2,1,2,1998,1,33,0,6,8,20,3,1,2,2,2,2,1,2,1,3,2,2,2,1,2
50,70,3,1,3,11.8333333333333,4,4,4,4,2,2,2,2,3,3,3,3,3,3,3,3,3,3,3,3,3,3,3,3,3,3,3,3,3,3,NA,NA,NA,NA,2,2,2,2,2,NA,NA,60,NA,5,5,5,1,1988,2,0,0,0,0,0,5,1,2,2,2,2,2,NA,NA,NA,2,2,2,2,2
18,4,2,1,3,1.90909090909091,2,2,2,6,2,2,1,3,3,2,2,2,4,4,4,3,2,4,2,3,3,2,3,3,3,2,5,5,5,2,4,4,4,4,1,2,2,1,2,3,1,10,4,2,-2,-2,2,1998,1,73,0,0,6,5,1,3,2,2,2,2,2,2,1,3,2,2,2,1,1
25,15,3,1,1,1.32258064516129,2,3,2,6,1,2,2,2,3,3,2,2,2,3,4,3,2,2,3,3,4,3,5,5,6,5,4,4,4,3,2,2,2,2,1,1,1,1,1,3,3,30,5,3,4,3,2,1999,1,80,8,0,13,21,3,4,2,1,2,2,2,3,1,3,2,1,1,2,1
40,5,1,2,1,1.96774193548387,1,2,2,6,2,3,2,2,3,3,4,4,2,2,1,2,2,4,4,2,2,2,5,5,5,4,3,4,2,1,3,4,3,2,1,1,2,1,2,2,1,15,2,3,-1,-3,1,1998,1,75,4,0,4,5,3,3,2,1,2,2,2,1,1,2,1,2,2,1,2
30,87,3,2,3,0.375,6,3,5,4,2,3,4,2,3,2,2,2,3,4,3,3,3,2,2,2,4,2,4,5,2,2,3,4,3,2,2,2,3,3,1,1,1,1,1,2,1,10,2,-2,5,3,2,1999,1,82,12,0,15,10,1,1,2,1,1,2,2,3,1,3,1,2,2,1,1
45,30,3,2,1,2.5625,2,2,2,6,2,2,3,2,4,2,2,3,3,3,4,3,2,3,2,3,4,3,4,4,4,4,4,4,3,2,2,3,2,2,1,2,2,1,1,4,4,10,2,4,4,4,2,1999,1,70,4,0,12,18,3,4,2,1,2,2,2,3,2,1,2,1,1,2,1
60,0,2,2,1,1.23809523809524,7,7,7,1,2,1,1,3,4,4,2,2,2,4,5,3,1,1,2,2,5,3,5,5,4,3,3,5,5,3,4,3,4,3,1,2,1,1,1,2,1,10,2,-4,0,5,2,1997,1,45,15,0,16,20,3,2,2,1,2,2,2,2,2,1,2,1,2,2,1
9,69,1,1,1,1.96153846153846,1,1,1,7,4,1,3,2,4,4,2,4,4,4,4,3,1,2,2,3,5,4,4,4,4,4,4,5,5,4,2,4,4,4,1,2,2,1,2,3,1,54,2,2,3,3,1,1998,2,84,0,28,30,60,2,2,2,1,2,1,1,1,1,1,1,2,1,1,2
20,61,3,2,2,1.64516129032258,4,3,5,2,2,3,3,2,4,3,3,4,2,2,3,2,2,2,3,3,2,4,5,4,4,4,2,4,2,1,3,2,2,3,2,1,1,2,2,3,1,10,2,2,4,2,1,1998,1,65,0,14,10,10,2,1,2,1,1,1,2,3,1,2,2,1,2,1,1
75,100,2,2,3,2.36363636363636,1,3,1,7,2,4,4,2,4,4,2,3,2,3,5,4,1,2,2,2,4,3,5,5,5,4,4,5,5,1,4,4,4,2,1,1,2,1,2,2,1,20,4,4,-3,-3,1,1999,1,76,0,0,14,25,1,4,2,1,1,2,2,2,2,3,2,1,1,2,1
98,98,2,1,1,2.9047619047619,2,1,2,7,1,2,1,2,2,3,3,4,4,2,5,3,4,2,3,3,5,4,4,4,5,4,4,5,5,2,3,5,3,2,1,1,1,1,1,4,4,20,1,4,3,5,2,1999,1,80,2,0,4,50,3,2,2,1,2,2,2,1,1,2,2,2,2,1,2
39,61,1,2,3,1,7,7,7,1,1,3,4,3,4,5,2,2,2,4,5,2,1,1,4,2,5,4,6,5,5,5,2,5,2,1,2,1,2,2,1,2,2,1,2,3,3,30,2,-1,-1,1,2,1996,1,82,10,0,12,10,2,1,2,2,2,2,2,2,1,3,2,2,2,1,1
25,31,3,2,3,51,2,2,2,7,1,2,2,3,3,1,3,2,3,3,3,4,2,3,3,3,4,2,3,3,5,2,1,4,4,3,4,4,4,4,1,1,2,1,1,2,1,25,2,0,-3,2,2,1999,1,76,2,0,20,15,3,2,2,1,2,2,2,3,1,3,2,1,2,2,1
73,82,1,1,3,5.54545454545455,2,2,2,4,2,1,2,1,2,3,4,2,4,2,4,2,2,4,3,3,4,2,4,3,3,2,4,4,4,2,2,4,2,2,1,2,2,1,1,3,3,20,2,-3,1,0,2,1999,1,60,16,0,16,15,5,2,2,1,2,2,2,1,1,3,2,1,1,2,1
70,50,1,1,3,1.24390243902439,3,3,2,5,1,1,3,2,3,2,4,4,2,4,4,2,3,3,4,2,3,3,3,3,4,2,3,4,3,2,NA,2,3,4,1,2,1,2,2,4,3,30,2,-3,5,5,1,1998,1,76,0,0,15,50,4,2,2,2,2,2,2,1,1,3,2,2,2,1,1
40,70,2,2,2,3.72727272727273,4,3,4,5,1,1,3,1,4,2,1,2,4,3,4,3,2,2,2,4,4,3,5,5,5,5,4,5,3,3,2,2,2,2,1,2,2,1,1,5,2,10,2,0,3,3,2,1998,1,78,12,0,16,10,2,1,2,1,2,2,2,3,2,2,2,1,2,1,1
50,72,1,1,3,3.38095238095238,2,3,2,6,2,2,3,2,4,4,1,2,4,4,4,4,1,1,1,2,4,4,5,5,4,3,2,4,3,1,4,4,4,4,1,2,2,2,2,1,3,15,2,-5,2,2,2,1998,1,81,0,0,4,45,3,4,2,2,2,2,2,1,1,3,2,2,1,2,1
2,5,1,2,2,2.9047619047619,2,3,2,6,2,1,2,1,4,3,2,3,3,5,4,3,2,1,2,2,4,4,5,4,5,3,2,5,4,1,1,3,3,2,1,2,1,1,1,2,2,10,2,2,5,3,2,1998,1,75,12,0,12,30,3,3,2,2,2,2,2,1,2,2,2,2,2,2,1
5,0,3,1,2,0.411764705882353,2,1,1,6,1,2,3,4,4,2,2,1,4,3,5,4,1,3,2,4,4,4,3,3,3,2,2,5,5,1,2,2,2,2,1,2,2,1,1,4,4,20,2,2,-3,5,1,1999,1,90,8,0,10,10,3,3,2,1,2,2,2,3,1,2,2,1,1,2,1
83,32,3,2,3,1,4,4,3,4,1,3,3,2,4,3,2,3,4,4,4,3,2,2,3,3,4,3,4,3,4,4,2,3,2,1,4,4,4,4,1,2,2,1,1,2,1,30,2,0,2,0,2,1999,1,66,21,0,15,30,3,2,2,1,2,2,2,2,2,3,2,2,2,1,1
0,0,1,2,1,2.9047619047619,2,3,2,7,3,2,3,3,3,2,2,2,5,1,4,2,2,3,4,4,4,2,4,4,4,4,3,5,3,2,3,3,3,3,1,2,2,1,1,2,1,15,2,0,0,5,2,1999,1,70,12,0,4,20,3,2,2,1,2,2,1,1,1,1,2,2,2,1,1
75,80,2,2,3,1.3125,1,2,1,7,2,3,3,2,3,2,4,4,5,2,4,3,3,4,4,4,3,3,4,4,5,5,3,4,2,1,2,2,3,2,1,2,1,1,1,3,1,30,2,4,0,2,1,1997,1,80,20,0,10,5,3,2,2,1,2,2,2,2,2,3,1,1,1,2,1
10,20,3,1,1,1.95238095238095,1,1,1,7,3,2,2,2,4,3,1,2,2,4,3,4,1,2,2,3,4,4,4,4,4,3,2,4,1,1,5,5,5,5,1,2,1,1,1,2,2,5,1,3,0,3,1,1997,1,73,26,0,2,4,3,1,2,2,2,2,2,3,1,1,2,2,2,2,1
8,2,3,2,1,1.95238095238095,3,1,4,3,1,2,2,3,4,4,2,1,3,1,4,3,2,1,4,4,4,3,4,4,5,3,4,4,4,2,3,4,3,3,1,1,2,1,1,2,1,30,4,-3,4,3,2,1999,1,73,10,0,10,5,1,1,2,1,1,1,2,1,2,2,2,1,2,1,2
75,88,2,2,2,21,2,5,3,5,2,1,1,3,4,2,2,3,3,3,4,3,3,3,3,3,4,3,5,4,3,2,3,4,4,3,2,3,2,2,1,1,2,1,1,2,1,20,4,4,-3,1,2,1998,1,81,0,0,8,15,1,1,2,1,1,2,1,2,2,2,2,2,2,1,1
67,77,1,1,2,1.27777777777778,2,3,2,6,2,2,3,3,4,2,2,2,3,3,4,4,4,3,2,3,5,4,4,3,4,4,4,4,3,2,2,1,2,1,1,1,2,1,1,2,1,15,2,4,-2,-2,1,1999,1,74,10,0,14,20,3,4,2,1,2,2,2,5,1,2,2,2,1,2,1
23,60,1,2,3,1.55555555555556,1,1,1,7,2,2,2,3,4,3,2,2,3,4,4,4,3,2,2,3,4,4,5,5,5,5,4,4,5,3,4,2,4,2,1,2,1,1,2,2,2,15,2,-3,-4,-2,1,1997,1,70,0,0,8,4,3,1,2,1,2,2,2,1,1,3,2,1,1,2,1
20,81,3,2,2,7.625,3,3,3,5,4,2,4,2,4,3,2,2,4,3,4,4,2,2,2,3,4,4,5,5,4,4,2,4,3,1,2,2,2,2,1,2,2,1,2,3,1,10,4,-2,2,2,2,1999,1,70,6,0,5,30,1,1,2,1,2,2,2,3,2,2,2,1,1,2,1
0,0,1,2,2,1.96774193548387,1,2,1,7,2,3,1,3,4,4,1,1,2,4,4,5,1,2,2,3,5,4,5,5,5,4,3,4,5,2,1,2,1,1,1,2,2,1,1,2,1,15,2,-3,0,3,1,1999,1,85,0,8,14,35,3,3,2,1,2,2,2,1,2,2,2,1,2,1,1
40,0,1,2,3,3.38095238095238,1,2,1,7,2,3,4,4,5,4,1,2,4,3,5,3,1,1,2,3,4,5,4,4,6,5,4,5,5,2,4,2,4,4,1,2,1,1,1,2,1,20,4,-1,-2,5,2,1997,2,71,0,0,12,40,2,2,2,2,2,2,1,1,2,3,2,1,1,1,1
80,10,3,2,1,1,1,1,1,7,2,2,1,1,2,3,3,2,4,3,4,3,2,2,4,3,4,4,4,4,4,3,1,5,2,1,3,3,3,3,1,2,2,1,1,2,2,10,4,-2,-1,-1,1,1996,1,75,20,1,5,2,2,1,2,1,1,2,1,3,2,1,2,1,1,2,2
84,100,2,2,3,1.19230769230769,2,2,2,6,1,4,4,2,4,4,2,2,4,3,5,4,1,2,2,2,4,4,6,5,5,5,2,4,3,2,1,2,1,1,1,2,1,2,2,2,1,15,2,2,-3,-1,2,1997,1,70,10,0,3,10,1,3,2,2,1,2,1,2,1,3,2,1,1,2,2
1,1,3,1,2,1.23809523809524,1,1,6,7,4,2,2,3,4,2,2,2,3,4,4,3,1,3,2,2,4,5,5,6,5,4,4,5,2,3,2,3,2,4,1,2,2,2,1,3,1,15,2,-3,-1,-2,2,1993,1,71,0,0,12,20,2,1,2,1,1,2,2,3,1,2,2,1,2,1,1
0,0,1,2,3,1,1,2,1,7,2,3,3,3,5,3,1,1,3,4,4,4,2,2,2,3,5,4,3,3,4,4,2,3,2,2,2,2,2,2,1,1,2,1,1,2,1,30,4,3,0,1,1,1993,1,61,16,0,10,16,2,1,1,1,2,2,1,3,1,3,2,2,2,2,2
100,1,2,1,1,1.9375,2,2,2,6,1,1,1,2,2,2,2,2,4,2,4,4,2,4,3,4,2,2,4,4,4,3,2,4,2,2,2,2,2,2,1,2,2,1,2,3,2,10,2,2,2,2,1,1998,1,80,8,0,9,10,3,4,2,1,2,2,2,2,1,3,2,1,1,2,1
90,60,2,1,2,3.5,1,1,1,7,1,2,1,3,4,3,2,4,4,3,4,3,2,2,2,3,4,4,5,5,5,5,4,5,4,3,2,3,2,2,1,2,2,1,1,3,4,0,5,3,-4,-2,1,1985,1,70,27,4,10,20,4,3,2,1,2,1,1,2,1,2,2,1,1,2,1
75,50,1,1,1,0.509803921568627,2,2,4,6,2,2,2,3,4,4,2,1,3,3,4,3,1,2,3,2,4,2,5,5,5,3,2,4,2,2,2,2,2,2,1,2,1,1,1,3,2,30,2,0,3,2,1,1998,1,80,14,0,12,12,3,3,2,1,2,2,2,1,1,2,2,2,2,1,1
40,64,3,2,2,0.51219512195122,2,3,3,6,1,2,2,2,4,4,2,2,1,1,5,3,2,2,4,3,3,3,5,4,5,2,1,2,1,1,3,1,1,3,1,2,1,2,1,3,3,10,2,2,-2,-2,1,1998,1,85,12,2,10,4,3,3,2,1,2,2,2,3,1,2,2,2,2,1,1
10,30,3,2,3,2.9047619047619,2,4,3,6,4,2,4,3,4,4,3,3,4,4,5,3,2,2,2,2,4,4,5,5,5,5,2,4,3,2,1,1,1,1,1,2,2,1,1,5,4,15,2,3,-1,1,2,1998,1,66,10,0,14,20,3,4,2,2,2,1,2,3,1,3,2,1,1,2,1
40,60,3,1,3,2.81818181818182,2,2,2,2,3,2,1,3,4,2,1,2,3,4,4,2,4,2,1,2,4,2,5,5,5,3,2,5,4,1,4,4,5,5,1,2,1,2,1,3,3,20,2,-1,-2,2,1,1999,1,81,12,1,4,4,4,1,2,1,1,2,2,3,1,3,2,2,1,2,2
77,83,2,1,3,1,4,4,5,3,2,3,3,3,4,3,3,3,3,3,4,3,4,4,3,3,4,4,5,5,5,4,3,4,4,4,2,2,2,2,1,2,2,1,2,2,1,5,4,3,2,2,2,1999,1,62,5,0,4,10,1,4,2,1,1,1,2,2,1,2,1,2,2,1,1
19,50,3,1,3,2.66666666666667,2,3,2,7,1,2,2,1,3,2,2,3,4,3,4,2,1,2,3,2,4,4,5,4,4,3,2,5,4,1,2,3,1,2,1,2,1,1,1,2,1,10,2,2,3,5,1,1998,1,71,8,0,6,12,3,3,2,1,2,2,2,3,1,3,2,1,2,1,1
70,90,1,2,3,3.38095238095238,3,3,2,6,2,2,3,3,4,3,2,1,4,5,4,4,2,2,2,5,5,4,4,4,3,3,2,5,4,2,1,2,2,1,1,1,2,1,1,2,1,10,2,-2,3,2,2,1999,1,40,6,3,8,40,3,4,2,1,2,2,2,2,1,3,2,1,2,1,1
30,81,1,1,2,2.42857142857143,2,2,2,6,1,2,1,2,4,2,2,2,4,2,4,2,2,2,2,3,4,4,4,3,4,3,4,4,2,2,4,2,2,2,1,2,2,1,1,2,1,10,4,5,-2,3,2,1997,1,66,0,0,40,30,2,1,2,1,1,2,2,1,1,2,2,1,1,1,1
69,17,2,1,1,2.25,4,2,5,3,2,1,3,2,4,2,2,2,5,4,4,3,3,3,3,4,4,4,4,5,5,4,4,5,5,3,1,2,2,2,2,2,2,1,1,5,5,15,2,2,3,4,2,1999,1,70,9,3,10,10,3,4,2,2,1,2,2,2,1,3,2,1,2,1,2
65,75,2,2,3,4.4375,1,3,2,3,1,2,1,3,5,3,2,2,3,4,5,4,1,2,3,2,4,5,4,4,4,3,4,5,5,2,3,4,3,3,1,1,2,1,2,2,1,20,4,2,-3,4,1,1999,1,75,16,0,10,10,1,2,2,1,1,2,2,2,2,3,2,1,2,1,1
60,73,2,1,3,3.72727272727273,3,3,3,5,1,1,1,1,3,4,2,3,3,4,4,4,2,2,4,3,5,5,3,4,5,3,3,3,5,1,3,2,3,2,1,2,2,1,1,2,1,30,4,-1,-3,3,1,1998,1,60,0,12,10,10,1,3,2,1,1,2,2,2,1,3,2,1,1,2,1
30,51,2,1,1,6,4,4,4,4,1,1,1,1,3,3,3,3,3,3,3,3,3,3,3,3,3,3,3,2,4,4,2,4,3,3,3,3,3,3,2,2,2,1,1,1,1,5,2,-1,5,5,1,1999,1,61,30,0,4,5,3,1,2,1,2,2,2,2,1,2,2,2,2,1,1
9,70,3,2,3,4.63636363636364,2,3,2,6,1,3,3,3,3,3,3,4,3,2,3,4,3,4,2,4,3,3,5,5,2,3,2,3,2,2,3,2,4,4,1,2,1,2,1,2,1,15,4,2,-2,-3,1,1994,1,71,20,0,12,20,4,1,2,1,1,1,2,3,2,3,2,1,2,1,1
82,0,2,1,3,0.0140845070422535,1,1,1,7,2,4,3,4,4,4,1,2,2,4,4,3,2,4,2,3,4,3,5,5,6,4,2,2,2,1,1,1,1,1,1,1,1,1,2,2,1,30,4,-2,-4,-3,2,1994,2,81,10,8,20,20,1,1,1,1,2,2,1,5,1,1,1,2,1,2,2
9,19,3,2,3,2.5625,2,2,2,6,1,2,2,2,3,3,2,3,4,2,4,4,2,2,3,2,4,2,4,3,4,3,2,5,2,2,4,4,4,4,1,1,2,1,1,3,3,10,2,4,1,4,2,1998,1,63,10,0,12,5,3,2,2,1,2,1,2,3,2,3,1,1,2,1,2
81,9,2,2,1,0.444444444444444,1,2,1,7,2,3,2,3,3,2,2,1,3,2,4,3,1,2,2,3,4,4,4,4,4,4,3,5,4,1,2,5,2,3,1,2,2,1,2,4,1,30,2,-1,-3,-3,2,1999,1,70,0,0,10,20,3,2,2,2,2,2,2,2,1,1,2,1,2,2,2
29,41,3,1,3,1,2,2,2,6,2,2,2,1,4,4,2,2,4,3,4,3,2,2,2,2,4,4,5,5,5,5,3,4,4,3,4,4,4,4,1,2,2,1,1,2,1,15,2,1,0,0,1,1998,1,68,5,0,6,6,4,1,2,1,1,2,2,2,1,3,2,1,2,2,1
68,51,2,1,3,1,3,2,3,5,1,2,2,2,5,3,3,2,4,3,4,4,1,2,4,4,1,5,4,4,4,3,4,4,2,1,2,2,4,3,1,2,1,1,2,2,1,10,4,-1,2,1,2,1999,1,72,12,3,12,30,4,1,2,1,2,2,2,5,2,2,2,2,2,1,2
85,95,2,2,2,0.6875,2,2,2,6,1,1,1,2,4,4,4,4,4,4,3,4,3,4,4,3,3,4,4,3,5,5,5,4,5,4,3,2,2,4,1,2,2,1,1,3,3,10,1,-3,5,5,1,1998,1,70,16,0,20,10,3,3,2,1,2,1,2,2,1,2,2,2,2,1,2
30,49,1,2,3,1.48780487804878,1,1,1,7,2,1,1,1,4,3,1,2,4,4,4,4,1,2,1,3,4,5,6,6,4,4,4,4,4,1,2,3,2,1,1,2,1,2,2,2,1,30,4,3,-2,0,1,1999,1,70,15,0,15,30,3,1,2,2,2,2,2,2,1,3,2,2,2,1,1
30,10,2,2,3,0.523809523809524,2,3,2,5,2,2,1,4,4,2,1,2,4,4,4,4,1,2,2,3,4,4,5,4,5,5,2,5,4,4,2,2,2,2,1,2,2,1,1,3,1,20,2,2,-3,-2,2,1999,1,80,4,0,18,25,1,1,2,1,2,2,2,2,2,3,2,1,1,2,1
0,0,2,2,2,0.032258064516129,1,1,1,7,4,4,4,4,4,4,2,4,4,5,3,4,2,2,2,2,4,5,6,6,6,6,5,5,4,2,3,3,4,3,1,1,1,1,1,2,3,10,4,0,-5,-5,1,1992,1,20,20,0,8,15,5,1,1,2,2,2,1,2,2,2,2,2,1,2,1
30,42,2,1,2,6.83333333333333,2,2,1,6,1,2,3,3,4,4,3,2,3,4,4,4,2,1,2,3,4,4,5,4,3,3,2,4,2,1,1,3,2,1,1,2,2,1,1,2,1,10,4,2,-3,2,2,1999,1,72,8,20,4,20,1,1,2,1,1,2,2,5,1,2,2,1,1,2,1
60,75,2,2,3,3.27272727272727,2,2,2,6,1,2,2,3,4,3,3,3,3,2,3,3,2,2,3,3,4,4,4,3,4,4,2,4,3,2,3,4,3,2,1,2,1,1,1,2,1,30,4,3,-1,1,2,1999,1,71,8,0,6,4,2,1,2,1,1,2,2,5,1,3,2,1,1,1,1
50,50,1,1,1,0.508196721311475,5,4,4,4,2,1,1,2,3,3,3,3,3,2,3,3,3,3,3,3,3,3,2,3,4,3,4,4,4,3,3,3,4,4,1,2,2,1,1,4,3,10,2,-2,3,5,1,1996,1,75,20,0,6,10,3,4,2,2,2,2,2,1,1,2,1,1,1,2,1
50,85,2,1,2,1.32258064516129,2,1,3,5,1,1,3,2,5,4,3,3,4,2,5,4,1,3,2,2,4,2,3,5,6,4,2,5,2,1,5,5,2,5,1,2,2,1,1,4,3,15,2,-2,3,5,2,1999,1,90,20,6,16,25,3,3,2,1,2,1,2,2,1,2,2,1,2,1,1
71,82,2,1,2,21,4,3,3,4,1,2,2,1,4,4,1,1,4,5,5,5,1,2,1,4,4,4,4,4,4,4,4,4,4,4,1,1,1,1,1,2,2,2,1,5,3,5,2,-5,5,-5,2,1999,1,71,20,0,16,16,3,3,2,2,2,2,2,1,1,2,2,2,2,1,1
50,69,1,2,3,1.95238095238095,5,3,6,5,1,1,2,1,3,2,2,3,3,3,4,4,4,4,3,3,4,3,3,2,2,2,5,4,4,4,2,2,2,2,2,2,1,1,1,5,1,10,2,2,2,3,1,1998,1,87,20,0,10,15,2,1,2,1,2,2,1,1,2,4,2,1,1,2,1
66,100,1,1,3,5.0625,3,2,4,6,3,4,3,4,3,4,2,2,2,4,4,4,2,2,2,3,3,4,5,5,5,4,1,2,4,1,4,4,4,4,1,1,2,1,1,2,1,15,2,-3,-5,-2,2,1996,1,87,3,8,4,15,1,1,2,1,1,1,2,5,1,3,2,2,1,2,2
50,82,2,2,3,1.57692307692308,4,4,4,4,1,1,1,1,3,3,3,4,4,2,3,3,3,3,4,3,4,2,3,3,3,3,4,4,4,2,2,2,2,2,1,2,2,1,1,4,3,10,1,-2,2,5,1,1997,1,72,20,0,6,20,3,3,2,1,2,2,2,1,2,3,2,1,2,1,1
9,81,1,1,2,2.42857142857143,2,2,2,6,3,3,3,3,4,4,3,4,4,4,4,4,4,4,4,3,3,4,4,5,5,5,4,2,4,4,2,2,4,4,1,2,1,2,1,2,1,10,4,2,-2,-3,1,1997,1,75,8,0,8,28,2,1,2,1,1,2,2,1,1,2,2,1,1,2,1
60,80,2,1,2,1,1,1,1,3,1,3,3,3,4,4,2,2,4,3,4,4,1,1,2,2,4,4,5,5,5,5,4,5,4,1,2,3,3,2,1,2,1,1,2,2,1,10,2,2,0,1,2,1998,1,60,10,0,10,5,3,2,2,1,2,2,2,2,1,2,2,1,1,2,1
68,100,1,1,3,3.85714285714286,1,7,1,7,1,1,1,1,5,5,1,5,5,5,5,5,5,5,5,5,5,5,2,2,2,2,4,4,4,2,2,2,2,2,2,2,1,1,1,1,1,0,1,3,5,5,1,1996,1,0,25,0,12,6,2,1,2,1,2,2,2,1,1,3,1,2,2,1,2
70,100,3,2,3,0.516129032258065,2,2,2,6,1,1,1,3,5,3,2,2,5,5,5,5,3,3,2,1,5,5,3,3,4,2,2,4,5,1,2,3,1,1,1,2,2,1,1,2,1,7,2,2,-1,5,1,1999,1,75,5,0,10,60,3,3,2,2,2,2,2,3,2,3,2,2,2,1,2
8,5,1,1,2,4.63636363636364,3,6,3,5,1,1,1,2,4,4,3,3,3,5,4,3,2,2,3,3,5,4,5,5,5,5,2,4,3,4,2,2,2,2,2,1,1,2,1,2,1,20,4,4,-4,5,2,1998,1,86,1,0,18,50,1,1,2,1,1,1,2,1,1,2,2,1,1,1,1
80,80,1,1,3,1.76923076923077,2,2,2,6,2,2,3,3,3,4,2,3,4,3,4,4,2,2,2,2,4,2,4,4,4,4,4,5,2,2,2,2,4,3,1,1,2,1,1,3,1,10,2,3,1,2,1,1998,1,72,14,0,6,6,3,3,2,1,2,2,2,1,1,3,2,1,1,2,1
40,80,1,2,3,1.64516129032258,2,2,2,6,3,1,1,2,4,2,2,2,3,2,4,3,1,4,2,3,4,4,4,4,5,5,2,5,3,1,4,4,4,4,1,2,2,1,1,3,1,15,2,2,0,4,2,1999,1,85,8,0,12,12,3,3,2,1,2,2,2,1,2,3,2,1,1,2,1
4,2,2,2,2,0.861111111111111,1,2,1,7,2,2,2,3,5,3,2,2,3,3,4,4,2,2,2,3,5,4,4,6,4,4,4,5,5,3,1,2,1,2,1,2,1,1,1,3,2,15,2,2,3,3,1,1998,1,80,5,0,15,10,3,1,2,1,2,2,2,2,2,3,2,2,2,1,1
75,85,2,2,3,0.807692307692308,2,2,2,6,2,2,2,2,3,3,2,2,3,4,4,3,2,3,3,3,3,3,4,4,5,4,3,4,4,2,2,2,2,2,1,2,2,1,2,4,1,15,2,3,3,3,2,1998,1,90,0,0,15,15,3,3,2,2,2,2,2,2,2,3,2,1,2,1,1
10,25,1,1,3,1,2,4,3,5,1,2,3,2,4,3,2,2,3,4,4,3,2,3,2,3,4,4,4,4,4,3,3,4,3,2,3,2,2,3,1,2,2,1,1,3,3,5,2,-1,0,-1,1,1996,1,88,20,0,6,20,3,4,1,2,2,2,1,1,1,3,2,1,1,2,1
20,10,3,2,1,1,2,2,2,6,2,2,2,2,4,3,2,2,2,3,3,3,2,3,3,4,4,4,4,4,4,4,3,4,4,4,2,3,2,2,1,2,2,1,1,2,1,30,2,2,3,1,1,1997,1,82,10,0,10,20,3,4,2,1,2,2,2,3,1,1,2,2,2,2,1
83,49,1,1,1,3.1875,2,4,3,5,2,4,3,3,4,3,4,3,3,4,2,2,3,3,4,4,3,3,5,4,5,5,2,4,3,2,3,2,4,3,1,2,2,1,1,2,1,12,4,2,-2,-4,1,1998,1,69,14,2,10,15,1,3,2,1,2,1,2,1,2,2,2,1,2,1,1
60,68,2,2,1,31,2,2,2,6,2,3,4,3,4,4,2,2,4,4,5,3,2,2,2,3,5,4,5,5,5,5,4,5,4,2,1,1,2,2,2,2,2,1,2,1,5,30,3,3,-2,-2,1,1998,2,90,0,0,15,40,1,2,2,2,2,2,1,5,1,2,2,1,1,2,1
70,100,1,1,3,4.63636363636364,3,3,3,4,1,1,1,1,3,3,4,4,4,4,4,3,4,3,4,3,3,3,4,3,4,3,1,4,3,1,4,4,4,4,1,1,1,1,2,2,1,10,2,-1,3,3,1,1994,1,71,12,0,6,9,1,1,1,1,2,2,1,2,1,3,2,2,2,2,1
10,50,2,1,3,0.230769230769231,2,3,2,6,1,1,1,1,2,3,2,3,5,5,5,3,4,2,2,4,3,3,2,3,2,2,1,5,2,1,3,4,4,4,1,2,2,1,1,3,1,25,4,-3,-3,2,1,1998,1,66,0,20,20,10,4,1,2,1,2,2,2,2,1,3,1,2,2,1,1
1,61,3,1,3,3.1875,2,2,2,6,1,1,2,1,2,3,2,3,4,3,4,3,4,2,3,3,4,4,3,3,6,2,2,5,3,1,4,5,3,2,1,2,2,1,1,5,1,5,2,0,5,5,1,1998,1,55,0,0,2,5,3,2,2,2,2,2,2,3,1,3,2,2,2,1,1
19,35,1,2,3,0.509803921568627,1,2,2,6,2,2,1,3,3,3,2,3,4,4,4,4,2,2,4,4,3,3,4,4,4,4,3,4,2,2,2,3,4,2,1,2,2,2,1,2,1,20,4,3,-2,3,1,1996,1,71,10,0,10,20,3,1,2,1,2,1,1,1,2,3,2,1,1,2,1
40,30,2,2,2,1.90909090909091,3,2,1,6,1,1,1,4,5,4,2,1,3,4,2,4,2,2,2,4,4,4,4,4,4,4,2,4,4,1,2,2,2,3,1,2,2,1,2,2,1,10,4,4,5,5,1,1997,1,78,6,0,15,15,1,1,2,2,1,2,2,2,2,2,2,1,2,1,2
100,70,2,1,2,1.47619047619048,1,1,1,7,3,4,3,3,3,4,2,4,4,2,4,3,2,3,4,4,3,2,5,4,4,4,4,5,4,3,3,4,3,3,1,2,1,2,2,2,2,35,2,2,-3,-5,1,1998,1,71,15,4,13,15,3,2,2,1,2,2,2,2,2,2,2,1,1,2,1
75,15,2,2,1,1.71428571428571,2,4,3,4,3,4,3,2,4,3,2,2,4,4,3,4,2,1,2,4,4,5,5,4,4,4,2,4,2,1,4,4,4,4,1,1,2,1,2,2,1,25,2,-2,-3,-4,2,1998,1,60,0,0,8,25,3,3,2,1,2,2,2,2,1,2,2,1,1,2,1
65,80,2,2,2,2.81818181818182,1,3,1,7,3,4,2,4,5,5,2,2,4,4,5,5,1,2,2,3,5,4,6,6,5,5,2,4,3,2,2,2,1,2,1,2,1,2,2,2,1,60,4,0,-5,-5,1,1999,1,80,6,0,20,10,3,1,2,1,2,2,2,2,1,2,1,2,2,1,1
81,40,2,1,3,0.67741935483871,6,2,2,6,1,2,1,2,4,2,2,2,4,2,4,3,2,1,2,3,5,4,5,4,5,4,2,4,2,2,4,4,3,4,1,1,1,1,2,2,1,10,4,-2,-2,4,1,1998,1,40,12,0,4,20,1,4,2,1,2,1,2,2,1,3,2,2,2,1,1
100,100,2,1,3,1.64516129032258,6,6,6,2,2,3,4,4,3,4,2,3,3,4,4,4,3,4,3,2,4,4,6,6,6,4,3,3,3,2,2,4,2,2,2,1,1,1,1,2,1,20,4,-1,1,1,2,1995,1,82,15,8,3,10,1,2,2,1,1,2,2,2,1,1,1,1,2,1,2
10,0,3,1,3,3.27272727272727,2,3,2,6,1,3,2,3,3,4,3,3,4,3,4,3,4,4,4,4,3,3,3,3,3,2,3,4,2,1,2,2,2,2,1,2,2,1,1,2,1,10,2,2,-1,1,1,1999,1,72,20,0,10,10,3,3,2,1,2,2,2,3,1,3,2,2,2,2,1
76,45,2,2,1,2.81818181818182,3,2,3,3,1,1,1,1,4,4,2,2,4,3,4,4,2,2,2,4,4,4,4,4,4,5,2,5,2,1,2,2,2,2,2,2,1,1,2,1,5,0,3,-2,-2,3,2,1997,1,72,0,0,25,10,2,4,2,2,2,2,1,2,2,2,2,2,2,1,1
30,10,3,1,1,4.63636363636364,1,1,1,6,2,1,3,1,5,5,1,1,4,1,5,4,1,1,3,3,5,4,4,4,4,2,4,5,5,3,5,5,5,5,1,2,1,1,1,4,1,10,2,3,5,5,2,1998,1,85,4,0,2,20,3,2,2,1,2,2,2,3,2,3,2,1,2,2,1
75,45,2,1,1,2.81818181818182,1,2,1,6,2,2,1,4,2,2,3,3,4,4,4,3,3,2,3,3,4,3,5,5,5,3,4,5,4,2,2,2,2,2,1,2,2,1,1,2,2,10,2,-4,5,2,2,1999,1,75,12,0,4,24,3,2,2,1,2,2,2,2,1,1,2,2,1,2,1
7,8,1,1,3,1.96774193548387,2,2,2,6,2,2,3,3,4,2,2,2,4,2,2,4,2,2,2,2,4,3,5,5,5,3,2,5,4,2,1,2,2,1,1,2,1,1,1,2,1,15,4,4,-4,3,1,1997,1,75,7,0,15,4,1,1,2,1,1,2,2,2,1,3,2,1,1,2,1
80,0,3,2,1,1.9375,6,6,6,2,1,1,1,1,4,3,2,2,4,5,3,4,4,4,3,2,4,4,4,4,3,3,3,5,5,1,2,2,4,3,2,2,2,1,1,1,5,15,1,-3,5,5,1,1998,1,87,20,0,15,12,4,1,2,1,2,2,2,3,2,2,2,2,2,1,1
15,10,1,1,3,0.803921568627451,1,1,1,7,2,2,1,4,4,2,2,2,2,4,5,4,2,2,2,3,4,3,4,4,4,3,5,5,5,2,2,2,2,3,1,2,1,1,1,2,2,15,2,4,-2,0,2,1996,1,75,5,1,12,15,3,4,2,1,2,2,2,1,1,3,2,1,1,2,2
93,43,2,2,1,1.32258064516129,4,5,3,3,1,1,1,3,2,3,2,3,4,3,3,4,3,3,3,3,4,2,3,2,3,3,3,4,4,3,3,4,4,4,1,1,1,1,1,2,1,30,1,1,-2,1,1,1999,1,82,0,0,15,30,4,1,2,1,1,2,2,2,2,2,1,2,2,1,2
58,35,3,2,3,1.32258064516129,2,2,2,6,1,2,1,3,3,2,2,3,4,2,4,4,2,2,2,4,4,3,5,5,5,5,2,4,3,2,2,2,2,2,1,2,2,1,1,2,1,35,4,3,-2,2,1,1997,1,68,10,0,20,40,3,2,2,1,1,2,2,3,1,3,2,1,1,2,2
51,69,3,1,3,2.42857142857143,1,4,1,7,4,1,4,1,5,3,3,4,5,4,5,2,4,2,3,3,5,2,6,6,6,6,1,4,2,2,2,2,2,5,1,2,1,1,2,3,3,15,2,-3,4,3,1,1998,1,65,0,0,25,15,2,1,2,1,1,1,2,3,2,3,1,2,1,2,2
80,100,2,1,3,1.57692307692308,1,1,1,7,3,2,3,3,5,4,2,4,4,4,4,4,2,1,2,2,4,4,5,5,6,5,3,4,2,2,4,1,4,2,2,2,1,1,1,1,2,20,2,0,3,3,2,1998,1,70,30,0,4,20,5,1,2,2,2,2,2,2,1,3,2,1,1,1,1
20,10,3,2,3,0.67741935483871,1,1,1,7,4,3,3,2,4,4,1,1,4,5,4,4,2,2,1,2,5,4,4,4,5,4,4,5,5,1,2,2,2,2,1,2,1,1,2,2,1,25,4,-4,-3,2,1,1997,1,85,12,4,10,20,1,1,1,2,2,2,1,3,2,3,2,2,2,1,1
0,100,2,1,2,5.16666666666667,5,3,4,5,1,3,3,2,5,4,2,4,3,3,3,3,4,2,2,5,2,4,4,5,4,4,2,4,5,2,2,2,3,2,1,2,2,1,1,3,3,15,2,3,2,5,1,1997,1,71,4,0,10,10,3,1,2,1,2,1,2,2,1,2,2,1,2,1,1
40,40,2,2,2,5.16666666666667,3,3,3,5,1,3,3,4,4,3,2,2,2,2,4,4,2,4,2,3,4,2,4,4,5,4,2,4,2,2,2,2,2,2,1,2,1,1,1,2,2,30,2,-1,-3,2,2,1992,1,82,20,0,14,25,4,1,2,1,2,2,1,1,2,2,2,2,2,1,1
0,14,1,1,3,2.29032258064516,1,1,1,7,4,4,2,4,4,4,2,1,4,4,4,3,2,1,2,3,5,4,5,5,6,4,4,5,5,3,1,4,1,2,1,1,1,1,1,2,1,20,2,4,-5,3,1,1998,1,40,0,0,10,8,3,4,2,1,2,2,2,1,1,3,2,1,1,2,1
10,35,3,1,2,1.90909090909091,2,1,2,6,2,2,1,3,4,4,1,2,3,2,4,4,3,2,2,2,3,3,3,3,4,2,4,5,4,2,2,2,3,2,1,2,1,1,2,2,1,15,4,-3,-3,2,1,1998,2,40,8,0,16,21,1,1,2,1,1,2,2,3,1,2,2,2,2,1,1
9,20,3,1,2,2.42857142857143,2,2,2,5,2,1,2,1,4,3,1,1,3,4,4,3,2,1,2,3,4,3,4,4,3,2,2,4,2,1,2,3,2,2,1,2,2,2,1,2,1,6,2,2,3,4,2,1999,1,71,16,0,4,8,3,2,2,2,2,2,2,3,1,2,2,1,2,1,1
10,40,3,1,2,2.81818181818182,7,7,7,1,2,1,3,1,2,4,4,4,3,1,4,4,4,5,4,4,3,3,1,1,1,1,2,2,1,2,3,4,4,3,1,2,2,1,1,5,3,10,2,3,4,5,1,1995,1,65,15,0,5,5,2,1,2,1,2,2,1,3,1,2,2,2,2,1,1
40,80,1,1,3,1.64516129032258,2,2,1,7,3,2,3,2,4,4,2,2,2,2,4,4,2,4,2,3,4,4,5,4,5,3,4,5,4,2,4,4,2,2,1,2,1,1,1,3,1,10,4,4,2,3,2,1999,1,60,8,0,15,30,1,1,2,1,2,1,2,1,1,3,2,1,2,1,1
75,85,3,2,3,2.81818181818182,5,4,5,6,3,3,4,4,4,4,2,2,2,5,4,4,2,3,2,3,5,4,5,5,5,4,5,5,3,3,3,3,3,2,1,2,2,2,2,2,1,15,4,3,-4,-4,2,1999,1,88,0,4,4,40,2,3,2,1,2,1,1,3,2,3,2,2,1,1,1
80,0,2,2,1,1.3125,6,4,6,3,1,1,2,2,3,3,2,3,2,3,2,4,2,3,2,3,2,3,5,5,5,5,3,4,4,4,1,1,1,1,1,2,1,1,2,3,1,15,2,3,2,2,1,1998,1,67,10,0,20,20,4,1,2,2,1,1,2,1,2,1,2,2,2,1,1
16,10,3,2,2,1.625,2,2,2,6,2,3,3,3,4,4,2,2,3,3,4,3,2,2,2,3,4,4,6,5,6,4,4,4,4,3,2,2,1,2,1,2,1,1,1,2,1,10,2,2,-2,-2,2,1998,1,75,0,2,12,25,3,5,2,2,2,2,2,3,1,2,2,1,1,2,1
50,60,3,2,2,2.81818181818182,2,3,3,5,1,3,2,3,4,2,3,2,4,3,4,3,2,2,2,3,4,3,4,3,3,3,2,4,2,1,2,2,2,2,1,2,2,1,1,2,1,5,4,2,-1,1,2,1998,1,80,3,0,8,30,1,2,2,1,1,2,1,3,1,2,2,1,2,2,1
10,20,3,2,2,1.47619047619048,7,6,6,6,1,1,1,2,4,4,3,2,4,4,4,4,2,2,4,3,5,4,5,5,5,3,4,4,4,5,1,1,1,1,1,2,2,1,1,3,1,15,2,0,2,5,1,1996,1,35,2,12,4,10,2,1,2,1,2,2,2,3,2,2,2,1,2,1,1
40,20,1,1,1,1.48780487804878,1,2,1,6,2,2,2,2,4,4,2,1,4,3,4,4,2,2,1,3,4,5,4,3,4,3,2,5,3,2,1,1,1,1,1,2,1,1,1,2,1,10,4,2,5,4,1,1997,2,79,12,2,16,24,2,2,1,1,2,2,1,1,1,1,2,2,1,2,1
80,0,1,1,1,1,1,1,1,6,1,1,1,1,4,3,2,3,4,4,4,4,4,4,4,4,4,4,5,4,5,3,4,4,4,2,2,2,2,2,2,2,2,1,1,1,1,0,2,-4,4,5,2,1997,1,76,16,0,10,15,4,1,2,1,2,2,2,1,1,4,2,2,2,1,1
100,0,2,1,1,51,3,3,3,7,1,3,1,4,4,3,2,2,3,4,4,3,4,2,2,2,4,4,6,5,4,4,3,4,5,1,4,4,4,4,1,2,1,1,2,2,1,20,4,3,-5,0,2,1999,1,83,0,0,12,20,1,4,2,1,2,1,2,2,1,2,2,1,1,2,1
85,82,2,1,1,0.583333333333333,6,6,6,2,1,1,1,1,2,4,2,2,4,4,4,2,1,1,4,4,2,4,5,5,6,5,1,2,1,1,4,4,4,2,1,2,2,1,1,3,3,9,2,5,-4,5,1,1996,1,71,8,0,0,6,3,2,2,2,2,2,2,2,1,1,2,1,1,1,1
40,72,2,2,3,0.375,3,3,2,6,1,4,2,2,5,4,2,2,5,3,5,4,1,3,2,3,4,4,4,4,4,3,3,5,4,4,2,2,2,2,1,2,2,1,1,4,3,15,2,3,4,2,2,1999,1,74,10,5,20,15,3,2,2,2,2,2,2,2,2,3,2,1,2,2,1
65,70,1,1,2,1.41666666666667,3,2,2,2,1,1,2,1,4,3,4,2,4,3,4,3,2,3,3,3,4,3,4,4,4,2,2,4,4,2,4,3,3,3,1,2,2,2,1,4,2,15,2,3,4,0,2,1999,1,75,15,0,15,12,4,2,2,1,2,2,2,1,1,2,2,1,1,2,2
23,52,3,2,2,2.81818181818182,6,6,5,5,2,2,3,1,3,3,4,3,2,4,4,4,2,3,3,3,3,4,3,3,3,4,2,4,4,2,4,4,4,4,1,2,1,1,1,5,3,15,2,-4,4,4,1,1995,1,81,12,0,10,12,3,2,1,1,2,1,2,3,2,2,2,1,1,2,1
30,20,2,2,1,1.90909090909091,1,4,1,7,1,3,1,2,4,2,1,1,4,2,3,2,1,2,2,3,4,4,3,3,3,2,3,3,4,1,4,5,3,2,1,2,1,1,1,2,1,10,3,-3,-4,-1,1,1994,1,70,16,0,4,25,1,1,2,1,2,1,2,2,2,1,2,2,2,1,1
50,0,3,1,2,1,2,2,2,5,2,2,3,2,4,3,2,2,3,4,4,4,2,3,2,3,4,4,5,5,5,5,2,5,4,3,2,3,2,2,1,2,2,1,1,4,2,30,2,3,4,4,1,1996,1,70,15,0,20,15,3,4,2,1,2,1,2,3,2,2,2,1,2,1,1
88,100,2,2,1,31,4,3,6,2,2,1,2,2,4,3,2,1,4,4,3,3,1,1,1,3,5,4,4,4,4,3,3,5,3,1,3,2,2,3,1,1,2,1,1,3,3,10,2,2,0,4,2,1999,1,70,6,6,12,12,2,1,2,1,2,1,2,3,1,3,1,2,1,2,1
40,0,1,2,1,0.154929577464789,3,6,4,6,3,1,1,2,2,2,1,1,4,2,3,4,3,2,2,2,4,3,2,2,4,3,2,5,2,2,4,4,4,4,1,2,2,1,1,4,3,10,2,-2,4,5,1,1999,1,75,18,0,4,6,3,3,2,1,2,2,2,1,2,1,2,1,1,2,2
67,71,1,2,2,1.64516129032258,4,6,3,5,1,1,1,3,4,2,2,2,4,3,4,3,2,3,2,2,4,3,5,5,6,4,4,3,2,2,4,4,3,3,1,1,1,1,1,2,1,15,4,1,-2,4,2,1996,1,81,0,5,12,30,1,1,2,2,1,2,2,1,1,2,2,1,1,2,2
14,1,3,1,1,0.51219512195122,2,2,1,4,3,3,2,4,2,3,3,4,4,2,4,2,3,4,2,3,3,2,3,3,5,4,4,5,5,3,3,5,4,4,1,2,1,1,1,2,1,30,4,0,-2,1,1,1994,1,65,20,10,12,8,4,2,2,1,2,1,2,3,1,1,2,2,2,1,2
40,53,3,2,2,4.63636363636364,6,6,6,6,2,2,2,1,3,2,3,3,4,2,3,3,2,2,4,3,3,2,4,4,4,2,2,4,2,3,4,4,4,4,1,2,2,1,1,2,2,3,2,-3,3,5,2,1999,1,71,12,0,6,6,3,2,2,1,2,2,2,3,2,2,2,1,2,1,2
3,0,3,2,1,2.36363636363636,3,3,6,5,1,2,1,3,4,2,2,3,3,4,3,3,2,3,4,2,4,3,3,4,4,3,1,5,2,4,3,4,3,4,1,2,2,1,1,5,3,10,1,-3,5,5,1,1998,1,65,4,0,16,8,3,4,2,1,2,1,2,3,2,1,2,1,1,2,1
12,20,3,1,1,2.42857142857143,2,2,2,5,1,2,2,3,3,3,2,3,4,2,3,4,2,3,3,2,4,2,2,4,4,4,4,2,3,3,4,3,4,3,1,2,2,1,1,2,1,15,4,4,0,4,1,1998,1,71,10,0,2,6,1,1,2,1,2,1,1,3,1,2,1,2,1,1,1
20,30,3,2,2,2.66666666666667,1,1,1,7,4,2,2,2,4,1,2,2,4,2,2,3,2,2,2,2,3,3,5,5,4,5,4,5,4,2,3,4,4,2,1,2,2,1,1,2,1,30,4,-2,2,3,1,1999,1,61,16,0,2,10,3,1,2,1,1,1,2,3,1,2,2,1,1,2,1
55,0,2,1,1,1.47619047619048,1,1,1,7,2,3,3,3,4,4,3,3,4,2,4,4,3,2,2,3,4,4,5,5,6,5,3,5,4,1,1,2,2,1,1,1,2,1,1,2,1,30,2,0,-1,3,2,1999,1,76,1,5,9,3,2,2,2,1,1,2,2,1,1,1,2,1,1,2,1
70,0,2,2,2,1.23809523809524,1,1,1,7,2,2,2,2,3,3,3,3,3,3,3,3,2,3,3,3,3,3,4,3,4,4,1,4,2,2,2,2,2,2,1,1,1,2,1,2,1,10,4,0,3,3,1,1998,1,82,0,0,15,20,2,4,2,1,1,1,2,2,2,2,1,2,2,1,1
55,20,2,2,1,1.625,2,3,2,6,1,3,2,3,3,3,3,2,4,2,5,4,2,2,3,3,4,4,4,4,4,2,2,3,3,2,4,4,5,5,1,2,2,1,1,3,1,15,2,2,1,2,1,1998,1,73,0,0,8,16,3,2,2,1,2,2,2,2,2,1,2,1,1,2,1
20,8,1,1,3,2.42857142857143,6,3,2,6,1,1,1,1,5,2,3,3,3,3,3,3,3,3,3,3,3,3,2,2,4,2,4,4,5,4,4,4,4,3,1,2,2,1,1,3,1,40,2,2,5,5,1,1999,1,67,10,0,10,3,2,1,2,2,2,2,2,1,1,2,1,2,2,1,1
18,29,3,2,2,1.96153846153846,7,5,5,3,2,1,2,1,4,3,4,4,4,4,3,4,2,3,4,4,4,3,3,3,2,3,2,4,3,4,3,4,4,4,1,2,2,1,1,5,3,5,2,2,-5,5,2,1998,1,51,12,0,2,10,3,2,2,2,2,2,2,3,2,1,1,2,2,1,1
2,2,2,1,2,1,4,4,3,5,1,1,1,1,4,3,2,2,4,5,2,4,5,3,2,1,3,3,3,3,3,3,4,4,3,4,2,4,2,2,1,2,1,1,1,5,1,15,2,3,5,5,3,1998,1,19,14,0,10,3,3,1,2,1,2,2,2,5,2,2,2,2,2,1,2
85,10,2,1,3,2.81818181818182,3,3,3,6,1,1,1,1,4,4,1,2,5,5,3,5,2,5,2,4,4,4,2,2,2,2,4,4,3,2,2,2,2,2,1,2,1,1,1,2,2,5,2,-4,3,4,1,1996,1,80,24,0,0,20,3,3,1,1,2,1,2,1,1,3,2,1,1,2,1
50,5,2,2,1,3.1875,1,2,2,6,1,1,2,1,2,2,3,2,5,2,2,1,4,4,3,4,3,3,3,4,3,2,2,3,4,1,1,2,3,3,1,2,2,2,2,2,1,8,4,3,3,-3,2,1999,1,70,0,0,12,12,1,3,2,2,2,2,2,2,2,1,2,2,2,1,1
74,10,1,1,2,1.96774193548387,2,3,2,6,1,1,1,1,4,2,1,4,3,3,5,3,1,1,1,2,4,4,5,4,4,2,4,5,5,1,5,4,4,3,1,2,2,1,1,3,2,15,2,3,5,5,1,1999,1,45,12,0,10,5,3,4,2,1,2,2,2,1,1,2,2,1,1,2,1
80,80,2,2,2,0.807692307692308,1,1,1,7,2,3,2,3,4,1,1,2,4,4,4,3,1,1,2,4,4,4,6,5,5,4,5,5,5,4,2,2,2,2,1,2,1,1,1,2,1,20,4,-1,-3,-2,2,1997,1,72,16,0,4,20,4,1,2,1,2,2,2,2,1,2,2,1,1,2,1
0,0,3,2,1,2.875,1,1,1,7,2,1,3,2,4,4,3,3,4,4,4,4,3,3,3,3,4,2,5,3,4,4,2,4,4,1,3,4,4,3,1,2,1,1,2,5,4,20,2,-3,3,4,2,1999,1,61,10,0,8,12,3,1,2,2,2,2,2,3,2,1,1,1,1,2,1
20,20,1,1,1,1,3,5,3,6,2,2,1,2,4,4,2,2,4,4,4,4,2,2,2,3,4,4,3,3,3,2,1,4,1,1,2,2,3,3,1,2,2,1,1,3,1,15,4,0,-2,3,1,1998,1,89,10,0,12,20,3,1,2,1,2,2,2,1,1,2,2,2,2,2,1
80,18,1,1,2,1,2,2,3,6,1,1,3,2,2,2,4,4,4,2,4,2,2,2,3,2,3,2,3,4,4,4,2,4,2,2,3,2,4,2,1,2,2,1,1,3,1,30,2,2,3,5,1,1998,1,75,12,0,10,20,3,4,2,1,2,2,2,3,1,2,2,1,1,2,1
0,0,1,2,2,3.72727272727273,4,4,4,4,1,1,3,1,3,3,4,4,4,2,4,4,2,1,3,3,3,3,5,5,2,2,1,5,2,4,2,2,4,2,1,2,1,1,1,4,4,10,2,2,3,5,1,1997,1,80,0,0,5,5,3,1,2,1,2,2,2,2,1,2,2,2,2,1,1
76,95,2,2,2,3.72727272727273,3,3,3,5,1,2,2,2,4,3,3,4,4,4,4,3,3,3,4,4,4,5,3,3,3,3,5,5,4,4,2,2,2,2,1,2,2,1,2,2,1,60,4,4,4,5,2,1997,1,70,15,0,2,10,1,1,2,1,1,2,2,2,2,2,2,2,2,1,2
50,8,1,1,2,0.607843137254902,3,6,4,5,1,2,2,2,3,4,2,2,4,3,3,4,2,2,2,3,4,4,5,4,5,3,2,3,2,1,2,2,2,2,1,2,2,1,1,5,3,10,2,2,2,4,2,1995,1,76,24,0,10,15,2,2,2,1,2,2,2,1,1,2,2,1,2,2,1
10,10,3,2,1,2.25,3,3,3,6,1,2,2,2,4,4,2,2,2,4,4,3,2,2,2,3,4,2,4,4,4,4,3,4,4,2,2,3,2,3,1,2,2,1,1,3,3,15,2,2,-1,2,2,1995,1,80,8,0,10,20,5,1,1,1,2,1,1,3,1,1,2,1,2,1,1
20,80,1,2,1,7.36363636363636,2,2,1,6,1,2,1,4,5,4,3,2,5,5,3,3,4,3,3,2,4,4,3,3,3,3,1,4,5,1,4,4,5,4,1,2,2,1,1,2,1,10,4,5,-2,2,1,1998,1,70,10,6,8,18,5,1,2,1,1,1,2,1,2,2,2,1,1,2,1
0,100,3,1,3,2.81818181818182,1,2,2,7,1,4,4,4,3,2,4,2,4,3,4,3,2,3,4,3,4,4,6,6,5,5,3,5,3,3,1,1,1,1,1,2,2,1,1,2,1,15,4,0,0,0,2,1997,1,60,15,0,12,16,3,2,2,1,2,2,2,3,1,3,2,2,1,1,1
50,0,1,2,1,0.666666666666667,3,3,3,5,4,4,4,1,4,3,2,2,3,3,4,3,2,2,2,2,4,3,3,3,3,2,4,4,4,2,2,3,2,2,1,2,1,1,2,3,1,10,2,1,-1,3,1,1996,1,75,15,0,4,20,1,1,2,1,2,2,2,1,2,1,2,1,1,2,1
60,50,3,2,1,1,2,2,3,4,1,1,1,1,4,4,4,3,4,4,3,4,5,4,5,3,4,3,4,4,4,5,3,5,2,1,3,5,4,4,1,2,2,1,1,4,3,20,1,1,-1,4,2,1999,1,51,10,0,10,10,3,4,2,1,2,2,2,5,2,3,2,1,2,2,1
35,18,1,1,1,1.16129032258065,2,2,2,6,2,3,3,4,5,3,2,1,4,2,4,4,2,2,2,2,5,4,5,5,5,5,3,5,3,2,2,2,3,4,1,2,2,1,2,2,1,7,4,0,-2,-2,1,1999,1,71,0,5,15,28,2,1,2,1,2,2,1,2,1,1,2,1,1,2,2
40,20,3,2,1,1,2,2,2,6,4,2,2,3,2,3,3,3,3,2,2,3,3,3,3,3,2,2,5,5,5,5,3,4,2,1,2,2,2,2,1,2,2,1,1,2,1,10,4,3,-4,2,2,1999,1,55,5,0,5,15,2,4,2,2,1,2,1,3,2,2,2,1,1,2,1
1,1,1,2,3,0.523809523809524,1,2,1,6,1,2,2,2,4,3,4,4,4,4,2,4,3,4,2,4,3,4,4,4,4,4,4,5,3,1,1,2,1,4,1,2,1,1,1,5,3,20,2,-2,1,3,1,1995,2,81,15,0,8,5,2,2,2,1,2,2,2,3,1,3,1,2,1,2,1
44,25,1,2,1,1.95238095238095,6,5,5,2,1,1,1,3,4,2,3,4,4,3,3,2,4,4,2,3,3,2,2,2,3,2,3,4,4,1,2,2,3,3,1,2,2,1,1,2,3,10,3,4,1,3,1,1999,1,66,5,0,5,10,1,3,2,1,1,2,2,1,1,1,2,2,2,1,1
10,10,2,1,2,0.0196078431372549,1,4,1,7,2,1,1,3,5,4,2,2,5,2,4,3,1,2,2,3,4,3,6,6,6,6,4,5,3,1,3,3,3,3,1,2,1,2,1,2,1,20,4,5,5,5,1,1997,1,90,0,0,10,10,5,1,2,1,2,2,1,2,1,2,2,2,1,2,1
82,85,2,2,2,1.24,2,3,2,6,2,1,1,2,2,1,4,3,3,3,4,4,4,3,3,3,2,2,4,5,4,3,1,5,4,1,2,3,2,2,1,2,2,1,1,3,3,10,2,-1,2,4,1,1999,1,74,16,0,5,5,3,3,2,1,2,1,2,2,1,2,2,1,1,2,1
19,38,3,1,3,0.67741935483871,3,2,3,5,3,1,2,2,4,3,3,4,4,4,4,3,2,3,4,3,4,4,5,6,5,5,2,2,3,3,4,4,2,4,1,2,1,1,2,3,1,10,4,-2,1,1,2,1998,1,57,16,10,12,30,1,1,2,1,1,1,2,3,1,3,1,1,1,2,1
1,1,1,2,1,2.42857142857143,2,2,2,6,2,1,3,2,5,4,2,3,3,5,5,5,2,2,2,2,4,4,5,5,5,3,2,4,2,1,2,2,2,2,1,2,1,1,2,2,1,15,4,-1,1,3,1,1998,1,75,0,0,15,10,1,2,2,1,2,1,2,1,1,1,2,1,2,1,1
75,30,2,2,1,1.47619047619048,1,2,1,6,2,3,2,3,4,4,2,2,2,5,4,3,2,3,3,4,5,4,3,3,3,3,3,4,2,1,2,4,3,2,1,2,2,1,1,3,2,15,2,2,-1,-1,1,1998,1,85,16,0,16,10,3,3,2,1,2,2,1,2,2,2,2,2,1,2,2
75,30,2,1,3,1.95238095238095,2,2,2,6,1,2,2,1,4,2,1,1,4,4,4,3,1,2,1,2,5,5,4,3,4,3,2,4,2,1,2,2,3,2,1,2,2,1,1,4,3,10,5,1,1,2,1,1998,1,62,6,4,16,5,3,2,2,1,2,1,2,2,1,3,2,2,2,1,1
36,6,1,2,2,1.64516129032258,1,1,1,7,2,2,2,1,4,3,2,3,3,3,5,3,2,2,3,2,4,4,5,4,5,4,3,5,4,3,1,1,3,2,1,2,2,1,2,2,2,5,2,0,3,2,2,1998,1,55,12,1,10,20,3,4,2,1,2,2,2,1,1,2,2,2,1,2,1
35,35,3,1,1,1.625,2,3,2,6,1,2,1,1,4,3,4,3,5,4,4,3,2,2,2,1,4,4,3,3,5,4,2,5,2,3,4,5,4,4,1,2,2,1,1,2,1,20,2,4,-4,2,1,1999,1,75,15,0,12,16,3,4,2,1,2,1,2,3,1,1,1,1,1,2,1
81,0,3,2,1,1.96153846153846,4,4,4,4,2,1,2,1,3,3,3,3,3,3,3,3,3,3,3,3,3,3,5,5,5,5,4,4,4,1,1,1,1,1,1,1,2,1,2,5,3,20,2,0,4,4,1,1997,1,39,0,0,14,10,2,2,2,1,2,1,1,3,2,2,2,2,2,1,2
80,100,2,1,2,1.95238095238095,2,3,2,6,1,2,1,2,4,3,3,2,4,4,2,3,2,3,4,3,5,4,5,5,5,4,1,5,2,2,4,4,4,4,1,2,2,1,1,2,1,10,2,-2,-2,3,1,1999,1,69,0,0,10,20,3,3,2,1,2,2,2,1,1,2,2,2,2,1,2
10,10,3,1,2,1,2,4,4,5,2,3,4,2,4,3,2,3,5,3,4,4,2,3,3,3,3,3,3,5,4,4,3,5,3,2,3,3,3,2,1,2,2,1,2,2,2,0,2,3,2,0,2,1999,1,70,16,0,4,10,1,2,2,1,1,2,2,3,2,2,2,2,1,1,1
70,0,1,1,2,2.9047619047619,2,2,2,6,2,3,2,2,4,3,2,3,3,3,4,3,2,2,2,3,4,4,4,4,4,3,2,4,2,2,2,2,2,2,1,1,2,2,2,2,3,20,2,3,-3,3,1,1998,1,75,6,0,10,10,3,3,2,2,2,1,2,2,1,2,2,2,2,1,1
9,1,3,1,3,1,3,5,5,4,2,1,1,3,4,3,2,2,2,4,3,2,3,2,2,2,4,3,4,5,5,4,2,4,2,1,4,4,4,3,1,2,2,1,1,2,2,10,1,2,5,5,1,1998,1,70,15,0,4,15,3,3,2,2,2,2,1,3,1,3,2,1,1,2,1
0,5,3,1,1,1.9375,2,1,2,6,2,3,4,3,4,4,1,2,4,4,4,3,4,2,2,3,5,5,5,5,4,4,1,5,4,1,2,2,4,2,2,2,2,2,1,1,5,15,2,5,3,3,1,1998,2,70,0,10,18,30,2,4,2,2,2,2,1,3,1,3,2,1,1,2,1
25,15,1,2,1,1.55555555555556,2,3,1,6,3,3,1,4,5,4,2,2,4,5,4,4,2,2,2,2,4,4,4,3,4,3,2,5,4,3,3,2,4,3,1,2,1,1,2,2,1,20,4,-4,-5,-2,1,1996,1,59,0,0,17,20,1,2,2,2,2,2,2,1,1,1,2,1,1,2,1
57,1,2,2,3,1.95238095238095,3,2,3,5,2,1,1,1,5,4,2,2,4,4,4,4,1,2,1,3,5,4,3,4,3,4,4,4,2,1,2,1,1,1,1,2,2,1,1,1,4,5,2,1,5,5,2,1998,1,65,18,0,12,18,3,2,2,2,2,2,2,2,2,3,2,1,1,2,1
30,52,3,2,2,1,1,2,2,7,2,4,4,3,3,4,4,3,5,4,4,4,4,4,4,3,2,1,5,5,5,5,2,5,3,1,1,1,1,1,1,2,2,2,2,4,2,8,2,2,5,3,2,1999,1,73,20,0,10,5,3,3,2,2,2,2,2,3,2,2,2,1,1,2,1
90,40,2,1,1,1,2,2,2,5,1,2,1,2,2,3,2,2,3,4,3,3,2,2,2,2,4,4,5,5,5,3,3,4,3,2,2,2,2,3,1,2,1,1,2,2,1,10,4,-2,-1,2,2,1999,1,71,0,20,12,12,2,2,2,1,2,1,2,2,1,4,2,1,1,2,1
30,70,2,2,2,0.67741935483871,1,2,1,2,3,2,2,2,3,3,2,2,4,4,5,4,3,2,2,4,4,4,4,4,3,3,4,5,3,4,3,4,2,3,1,2,1,1,1,3,1,20,4,3,-2,1,1,1999,1,40,10,0,8,6,5,3,2,2,2,2,2,2,2,2,1,1,1,2,1
76,49,2,2,3,1,2,2,3,4,1,1,2,2,4,3,3,2,3,4,3,3,2,3,3,3,4,4,4,4,4,4,3,3,4,2,2,2,2,2,1,2,2,1,1,3,1,0,2,0,-2,3,2,1998,1,75,8,3,8,8,3,4,2,1,2,2,2,5,1,3,2,2,2,2,1
5,0,3,1,1,3.5,3,5,3,6,2,1,4,1,4,4,1,2,5,5,4,3,1,1,2,2,4,4,3,3,4,2,4,5,5,3,2,4,3,2,1,2,2,1,1,4,2,15,2,-2,3,1,1,1996,1,75,16,0,12,10,1,1,1,2,2,2,2,3,1,1,2,1,1,2,1
80,13,2,2,1,5.54545454545455,2,3,2,6,2,2,2,3,4,2,2,2,5,2,4,4,2,2,4,3,4,4,5,3,5,4,2,5,4,2,4,2,2,4,1,2,1,1,2,3,1,15,2,5,-2,-2,1,1997,1,65,10,0,16,28,3,3,2,1,2,2,2,2,1,3,2,1,1,2,1
34,24,1,1,1,1.24390243902439,1,2,2,7,1,2,1,3,2,4,3,2,4,2,1,4,1,3,3,1,3,2,5,3,4,5,3,2,4,4,3,4,4,2,1,2,2,1,1,2,3,10,2,2,-3,1,1,1999,1,50,25,0,6,4,3,3,2,1,2,2,2,1,1,1,2,2,2,1,1
75,40,3,1,2,1.71428571428571,1,1,1,7,1,1,1,1,3,5,4,3,5,2,5,3,4,4,4,4,5,3,3,4,4,2,2,5,4,2,2,2,2,2,1,2,2,1,1,3,2,15,2,0,3,5,1,1998,1,29,15,0,8,10,3,4,2,1,2,2,2,3,1,2,2,1,1,2,1
70,100,1,1,2,1.64516129032258,1,1,1,7,1,3,3,3,4,3,4,3,4,2,4,3,2,4,4,2,2,4,2,3,3,2,1,4,3,1,3,3,4,4,1,2,2,1,1,2,1,10,4,5,-2,0,1,1998,1,80,4,4,6,15,2,1,2,1,1,2,2,1,1,2,2,1,1,2,1
0,0,3,1,2,1.32258064516129,1,2,1,7,1,1,1,1,3,4,2,2,4,4,4,4,4,2,2,4,4,4,2,2,2,2,3,5,3,1,1,2,2,2,2,2,1,1,2,1,3,20,2,1,-3,5,1,1998,1,21,12,0,25,20,3,2,2,2,2,2,2,3,1,2,2,1,2,1,1
35,50,1,2,2,1,2,3,2,6,1,1,1,1,4,3,2,2,3,4,5,4,1,2,2,4,3,4,3,4,4,3,3,5,4,2,4,3,4,4,1,2,2,1,1,4,4,15,2,3,5,5,1,1999,1,77,15,5,8,4,3,3,2,1,2,2,2,2,2,2,2,2,1,2,2
85,60,2,2,1,0.268292682926829,1,1,2,7,2,2,1,3,2,4,3,3,2,4,5,4,2,4,5,2,1,4,5,4,4,2,4,4,3,2,4,4,4,4,1,2,2,1,1,2,1,10,2,3,1,1,1,1998,1,64,10,3,8,5,3,2,2,1,2,2,2,2,2,2,2,1,2,2,1
15,15,1,1,1,3.61904761904762,2,3,2,7,1,2,2,2,3,3,1,2,4,4,3,2,2,2,2,4,5,4,5,4,3,2,5,5,2,3,4,5,4,5,1,1,1,1,2,2,1,6,4,1,-4,0,1,1998,2,45,0,8,6,40,2,1,2,2,2,1,1,1,1,1,2,2,2,1,2
80,60,2,2,2,1.90909090909091,3,3,6,6,4,4,4,4,4,3,3,3,5,1,3,4,3,2,2,4,4,4,5,5,4,2,2,4,4,2,3,4,3,2,1,1,1,1,1,2,1,30,2,1,-2,-1,1,1998,1,50,0,2,7,15,3,2,2,1,2,1,2,2,2,2,2,1,2,1,2
81,0,2,2,1,1.47619047619048,1,1,1,6,1,1,1,1,4,4,2,2,4,4,4,4,2,2,3,3,4,3,5,5,5,5,4,4,4,4,2,2,2,2,1,2,2,1,1,4,4,10,2,2,3,3,1,1998,1,60,6,0,4,2,3,2,2,2,2,1,2,2,2,1,2,2,2,1,1
30,30,2,2,1,3.72727272727273,1,1,1,7,2,1,1,1,4,4,2,2,4,3,4,4,2,2,2,2,4,4,3,3,4,3,4,4,4,2,2,2,2,2,1,2,2,1,1,4,3,20,2,2,0,0,2,1998,1,60,8,8,10,10,3,1,2,1,2,1,2,1,1,3,1,2,2,1,1
59,80,2,1,2,1.47619047619048,3,3,3,5,2,2,1,3,4,4,2,1,4,4,5,3,2,2,1,3,5,5,3,3,3,3,3,4,4,3,3,2,3,3,1,2,1,1,1,2,1,10,4,0,-2,1,1,1998,2,85,6,2,8,5,1,1,2,1,2,2,2,2,1,2,2,2,2,2,1
40,5,1,2,1,1.69444444444444,5,6,3,2,2,4,4,4,4,3,1,2,3,5,5,4,2,1,2,3,4,4,6,5,5,5,4,5,2,4,1,1,2,3,1,2,1,2,2,2,1,20,4,4,-4,-5,2,1999,2,50,20,0,8,40,2,1,2,2,2,2,1,1,2,2,2,2,2,1,1
10,20,1,1,3,0.803921568627451,2,2,2,6,2,1,2,1,4,3,2,2,2,1,3,3,3,2,2,4,4,4,4,4,4,4,4,5,4,1,4,3,4,4,1,2,2,1,1,3,1,15,2,1,4,5,1,1998,1,70,11,0,3,12,3,1,2,1,2,2,2,1,1,2,2,1,2,1,1
25,3,3,1,1,2.19047619047619,3,2,5,5,3,1,1,2,3,3,2,1,3,4,2,2,4,3,3,3,3,3,3,2,5,4,2,3,3,5,3,2,3,2,2,1,1,1,2,2,1,10,4,-2,3,5,2,1999,1,57,20,0,6,8,2,1,2,1,1,2,2,3,1,1,2,2,1,2,1
46,68,1,1,3,1,2,2,2,6,1,1,2,1,4,3,1,1,3,4,4,4,1,2,2,2,4,4,4,4,4,4,4,4,4,3,2,2,2,2,1,2,2,1,1,2,1,15,4,3,2,2,2,1999,1,77,15,0,15,10,2,4,2,2,1,2,2,1,1,3,2,1,1,2,1
15,10,3,1,1,2.25,1,7,1,7,2,2,1,2,4,3,3,3,3,2,4,3,4,2,3,4,4,3,4,5,5,3,2,4,3,1,3,3,4,2,1,2,2,2,2,3,3,30,2,4,1,4,2,1997,1,70,0,2,16,18,3,5,2,1,2,2,2,3,1,1,2,1,2,1,1
70,24,1,2,1,1.32258064516129,1,1,1,7,2,3,3,2,3,3,3,3,4,2,4,4,2,2,2,2,4,4,3,4,5,2,4,5,5,2,3,4,3,3,1,2,2,1,1,3,3,12,2,3,1,1,1,1997,1,75,3,0,8,20,1,1,2,1,2,2,2,2,2,2,2,1,2,2,1
9,61,1,2,1,3.72727272727273,2,3,2,6,1,2,1,1,5,4,3,4,4,2,4,4,2,2,3,2,5,4,4,4,6,4,4,5,5,3,3,1,2,2,1,2,2,1,1,5,1,40,2,3,4,4,2,1998,1,58,16,0,8,21,2,1,2,1,2,1,2,2,1,3,1,2,1,2,2
83,30,2,1,1,0.583333333333333,2,2,1,7,1,1,1,3,4,2,2,2,4,2,4,3,2,3,2,2,5,4,2,3,3,2,2,4,3,1,4,4,4,4,1,2,2,1,1,2,1,10,2,4,-1,3,1,1998,1,81,6,0,8,10,3,3,2,1,2,1,2,2,1,3,2,2,1,2,1
5,10,3,2,3,1.95238095238095,1,1,1,6,3,1,3,1,3,4,2,4,5,2,4,2,2,4,3,4,4,3,5,5,4,4,5,5,4,2,3,3,2,4,1,2,2,1,2,4,4,30,2,4,5,5,1,1997,1,75,0,0,16,25,1,1,1,1,2,2,1,5,2,3,1,1,2,1,1
10,0,1,1,1,0.803921568627451,1,2,1,7,1,1,2,1,3,3,3,3,3,2,3,3,3,3,2,3,4,3,4,4,4,4,2,5,2,1,4,4,4,4,1,2,2,1,1,3,1,0,2,2,3,4,1,1999,1,70,10,0,10,10,3,5,2,1,2,2,2,1,1,1,2,2,1,2,1
7,8,3,2,2,3.72727272727273,3,3,3,5,1,1,1,1,4,4,3,2,4,3,4,4,2,3,1,3,4,4,4,4,4,4,4,5,5,2,4,4,4,4,1,2,1,1,1,2,1,20,2,3,4,4,1,1998,1,80,16,0,10,25,3,4,2,1,2,2,2,3,1,2,2,1,1,2,1
10,20,1,1,3,0.803921568627451,1,1,1,7,1,3,3,2,4,2,2,3,5,4,4,3,2,3,2,3,4,4,4,4,4,5,2,5,5,5,3,2,2,2,1,2,2,1,1,3,1,30,2,5,3,3,1,1999,1,91,25,0,10,10,2,1,2,1,2,2,2,5,1,3,2,2,2,1,1
0,0,3,1,1,31,2,4,2,7,1,2,2,1,4,3,2,3,3,1,4,3,2,3,3,4,4,3,6,6,6,4,1,4,1,1,2,2,2,2,2,2,2,1,1,1,3,0,2,1,5,5,1,1997,1,76,5,0,3,20,3,2,2,2,2,2,1,3,1,1,1,1,1,2,1
10,10,1,2,2,1,2,2,3,6,1,1,1,1,2,3,3,3,3,2,4,4,2,4,3,4,5,4,2,2,3,1,3,5,3,1,3,4,4,4,1,2,2,1,1,3,3,10,2,-3,-2,5,1,1994,1,75,12,0,6,9,3,3,2,1,2,2,2,1,1,2,2,2,2,1,1
8,24,3,1,2,1.47619047619048,2,3,2,5,2,3,3,3,4,4,1,1,3,4,3,4,2,2,1,2,4,4,5,5,3,4,3,5,4,2,2,2,2,2,1,2,1,1,1,2,1,10,2,-2,-3,2,1,1996,2,85,12,0,4,20,2,2,2,1,2,2,1,3,1,2,2,2,2,1,1
71,93,2,1,3,18,5,6,5,5,2,3,4,2,4,3,2,1,3,5,1,5,1,1,2,1,4,2,5,6,6,4,2,5,2,1,3,1,2,2,1,1,2,1,1,3,3,40,2,-3,1,-4,1,1999,1,62,8,0,10,25,1,1,2,2,1,2,2,1,1,3,1,1,1,2,1
61,29,2,2,2,0.634146341463415,1,1,1,7,3,3,4,2,5,3,2,2,2,4,4,3,1,2,2,2,4,4,5,5,5,4,1,3,2,1,2,1,2,1,1,2,2,1,1,2,2,15,2,-3,-2,-1,2,1997,1,80,15,0,12,26,4,4,2,1,2,1,2,2,2,2,2,1,2,1,1
10,15,3,2,2,1,2,3,2,6,1,1,1,1,4,3,3,4,3,4,3,4,4,2,3,3,4,3,4,3,4,4,2,4,3,2,2,3,2,2,1,2,2,1,2,2,1,5,2,-1,2,5,1,1999,1,70,0,0,10,4,3,2,2,1,2,2,2,3,1,2,2,2,2,1,1
81,88,2,1,2,5.16666666666667,5,4,4,3,1,1,1,1,4,2,4,4,4,2,3,5,4,2,4,3,3,3,4,5,5,4,2,4,3,2,4,4,4,4,1,2,1,1,2,3,1,10,2,5,1,1,1,1995,1,70,0,0,0,2,4,2,2,2,1,2,2,2,1,2,2,1,1,2,1
80,30,2,1,1,7.66666666666667,2,4,3,5,2,1,2,2,3,3,4,3,4,4,4,3,4,2,3,3,4,3,4,4,4,4,3,4,4,3,2,2,2,2,1,2,2,1,1,2,1,5,4,0,-3,4,2,1999,1,76,0,0,2,20,1,2,2,1,1,2,2,2,1,3,2,1,1,2,2
40,60,3,2,2,1.3125,3,3,2,6,3,2,3,2,4,3,3,3,3,4,4,4,2,2,2,3,4,3,4,4,4,4,3,4,3,2,2,3,2,2,2,2,1,1,1,4,3,15,2,-2,3,2,1,1996,1,70,11,0,10,10,5,3,2,1,2,1,2,3,2,2,2,1,1,2,1
20,50,3,1,3,3.72727272727273,5,3,3,4,1,4,4,2,5,4,3,2,3,4,5,4,4,2,3,3,4,2,5,6,5,4,5,5,4,1,4,4,3,3,2,2,1,2,2,1,1,15,2,-1,3,-1,2,1997,1,54,6,0,20,40,1,2,2,1,1,1,1,1,1,3,2,1,1,1,1
60,70,3,2,1,0.583333333333333,1,1,1,7,3,4,3,4,3,3,1,1,4,4,5,3,1,1,2,1,5,4,5,5,5,3,3,5,5,3,2,1,2,3,1,2,2,1,1,2,1,30,4,5,4,4,2,1997,1,81,16,0,6,18,1,1,2,1,1,2,1,3,1,1,2,1,1,2,1
50,60,2,2,3,31,3,4,2,6,1,1,1,1,4,4,2,2,5,4,4,4,3,4,2,4,4,3,4,4,4,4,2,4,2,2,4,4,4,4,1,2,2,1,1,3,3,5,1,2,2,4,1,1998,1,80,10,3,6,30,3,3,2,1,2,2,2,5,4,3,2,1,1,2,1
20,1,1,2,1,9.33333333333333,3,4,5,3,2,1,1,1,4,4,2,3,4,4,5,4,2,2,2,5,5,5,3,5,3,5,4,4,2,1,2,1,1,1,1,2,2,1,1,1,4,5,2,1,5,5,2,1998,1,65,18,0,6,18,3,2,2,2,2,2,2,1,2,2,2,1,1,2,1
50,0,2,1,1,1.9375,2,2,2,2,2,2,2,2,4,3,2,2,3,4,3,3,2,3,2,3,2,4,4,3,4,3,3,4,4,1,3,3,4,3,1,2,2,1,2,2,1,6,4,3,-1,4,2,1999,1,20,3,0,6,15,1,2,2,1,1,2,2,2,1,1,2,2,2,1,1
3,5,3,1,2,41,2,2,2,7,1,1,2,1,3,2,2,2,4,3,3,4,3,3,3,3,4,3,4,3,5,2,2,5,2,1,2,2,1,1,1,2,2,1,1,3,3,5,2,0,2,5,2,1999,1,67,11,0,10,25,3,4,2,1,2,2,2,3,1,2,2,1,1,2,1
80,60,2,1,3,5.16666666666667,2,2,2,5,1,1,1,1,4,2,4,5,4,1,2,2,3,5,4,4,3,2,3,3,4,4,4,4,2,1,2,2,1,2,1,2,1,1,1,3,1,15,2,-5,2,5,1,1996,1,38,16,0,10,20,2,1,2,1,2,2,2,2,1,3,1,1,1,2,2
0,1,2,1,1,10.1666666666667,6,6,6,2,3,3,1,4,4,3,3,4,4,2,4,3,2,2,5,4,4,4,4,4,4,5,2,5,5,4,2,2,2,2,1,2,2,1,1,2,1,20,4,-1,-4,-3,1,1999,1,53,9,2,10,10,2,1,2,2,1,2,2,1,1,3,1,1,1,1,2
70,85,2,2,2,36,6,7,6,3,1,1,1,2,4,4,1,2,4,4,4,5,2,2,1,2,4,4,4,4,4,3,2,4,2,1,2,5,2,5,1,1,1,1,1,2,1,20,2,-2,3,5,1,1995,1,56,16,0,8,20,1,1,1,1,1,1,2,1,1,2,1,2,2,1,2
0,1,3,2,1,61,1,1,1,7,1,1,1,2,5,5,2,2,5,5,5,2,2,1,2,4,5,5,3,4,4,3,2,4,4,2,4,4,4,4,1,2,2,1,1,3,1,0,4,3,3,4,2,1995,1,30,0,0,10,10,1,1,2,2,2,2,2,3,1,2,2,1,2,1,1
50,65,1,1,3,0.508196721311475,2,2,2,6,2,3,1,4,4,3,2,2,4,2,3,3,2,3,2,2,4,2,3,4,3,3,3,5,5,2,4,4,4,4,1,2,2,1,1,2,1,20,2,4,-2,-1,1,1998,1,82,12,0,12,10,3,2,2,1,2,2,2,1,1,3,2,1,1,2,1
65,25,2,1,3,2.36363636363636,2,2,2,7,2,2,3,3,4,3,3,2,3,2,4,3,2,3,3,3,4,4,4,5,5,4,3,4,4,4,2,2,2,2,1,2,2,1,1,4,1,10,6,-4,3,3,2,1999,1,72,30,0,10,8,3,4,2,1,2,2,2,2,1,3,2,1,1,1,1
19,29,1,2,3,1.55555555555556,3,3,3,5,1,2,3,3,5,3,2,2,3,4,4,4,2,2,2,4,4,2,4,4,4,4,1,5,4,3,2,4,2,4,1,2,2,2,2,5,1,20,2,4,3,3,1,1996,2,60,0,0,15,30,2,3,2,1,1,2,1,2,1,3,2,1,1,2,1
66,34,1,1,1,3.38095238095238,3,3,2,5,2,1,2,1,3,3,2,2,3,4,3,4,2,3,3,3,4,4,4,3,4,3,2,4,4,2,2,4,3,2,1,2,2,1,1,4,2,10,2,1,1,3,1,1999,1,77,20,0,6,7,3,2,2,1,2,1,2,1,1,1,2,1,1,2,1
70,25,2,1,2,0.523809523809524,2,2,2,7,1,2,3,3,4,3,2,3,4,3,4,3,2,4,4,3,4,4,3,5,4,4,2,4,4,1,2,1,4,3,1,1,2,1,1,2,1,15,2,3,1,-1,2,1996,1,78,7,0,10,36,5,2,2,2,2,2,2,2,1,2,1,2,2,1,2
77,87,2,2,2,4.33333333333333,2,2,2,6,2,1,2,2,3,3,3,4,4,3,4,3,2,1,2,3,4,4,5,5,5,5,2,5,3,2,4,4,3,2,1,2,1,1,1,5,2,60,1,-5,4,4,2,1998,1,87,12,0,2,20,3,4,2,1,2,2,2,2,2,2,2,1,2,2,1
10,80,3,2,3,6.83333333333333,3,6,3,5,1,2,3,1,4,3,2,3,3,4,4,3,2,2,3,3,4,3,4,3,4,4,4,4,3,4,2,4,2,3,1,2,1,1,1,3,1,15,2,3,2,2,1,1996,1,75,10,0,4,8,3,1,2,1,2,2,2,3,2,3,2,1,1,2,1
69,89,2,2,3,4.18181818181818,2,3,3,6,1,2,2,3,4,3,2,4,4,4,4,3,2,2,3,3,5,4,4,4,4,3,4,4,2,2,3,2,2,3,1,2,2,1,2,2,1,15,4,-1,-2,3,2,1999,1,80,5,0,10,14,1,1,2,1,1,2,2,2,1,3,2,1,1,2,2
21,41,3,1,3,0.761904761904762,1,3,3,4,2,2,2,2,3,2,3,2,4,3,2,3,2,3,2,3,4,4,2,2,3,3,3,4,4,2,2,2,3,2,1,2,2,1,2,3,3,15,2,2,2,2,2,1999,1,33,0,0,12,30,2,1,2,2,1,2,2,2,2,1,2,2,2,1,1
30,60,1,2,3,1.57692307692308,1,1,1,7,1,1,1,1,4,2,4,4,2,3,2,4,4,2,2,2,5,4,4,2,4,4,5,5,5,4,2,2,2,2,1,1,2,1,1,5,2,30,6,-3,-2,4,1,1994,1,60,16,0,6,12,3,1,2,2,2,2,1,1,2,2,1,1,2,1,2
70,30,3,2,1,3.72727272727273,1,2,2,6,2,1,1,2,4,3,3,3,4,3,4,4,2,3,4,4,4,3,4,4,5,3,3,5,2,2,2,2,3,3,1,2,2,1,1,2,3,10,2,1,1,1,1,1999,1,60,12,0,4,2,3,3,2,1,2,2,2,3,2,3,2,2,1,2,1
60,40,1,1,1,2.15384615384615,3,4,3,2,1,1,1,2,4,4,2,2,3,4,4,4,2,4,2,4,3,3,4,4,4,2,2,4,4,1,2,1,2,3,1,2,1,1,1,3,3,20,2,2,4,5,1,1997,1,80,13,2,10,20,4,1,2,2,2,1,1,1,1,1,2,2,2,1,1
40,59,1,2,2,1.80645161290323,5,6,3,5,2,1,1,2,4,4,2,2,4,4,4,4,2,3,2,5,4,4,3,3,3,4,4,5,4,2,2,2,2,3,1,1,2,2,1,4,4,25,2,-3,4,3,1,1998,1,70,0,0,10,10,3,2,2,1,2,1,2,1,1,2,2,1,1,2,1
37,60,3,1,1,1.9375,1,3,1,6,1,2,2,3,2,3,3,3,4,2,2,4,3,4,4,4,4,3,3,4,4,3,4,3,4,4,4,4,4,3,1,2,2,1,1,3,2,20,2,2,2,3,1,1998,1,67,8,5,12,18,3,4,2,1,2,2,2,3,1,3,2,2,2,1,1
15,25,2,2,3,36,1,2,2,6,3,2,2,1,4,5,1,1,3,4,4,4,2,1,1,3,4,4,4,4,3,3,1,5,2,1,5,5,5,5,1,2,2,1,1,2,2,10,2,-3,-2,2,1,1995,1,70,28,2,3,10,2,3,1,1,2,2,2,2,2,3,2,2,2,2,1
29,0,1,1,3,0.75609756097561,5,4,4,2,2,3,2,1,4,3,3,4,5,4,1,3,5,4,1,2,2,2,6,4,4,3,3,4,1,1,3,3,3,3,1,2,1,1,2,4,2,5,2,0,5,5,1,1999,1,71,16,0,4,20,3,2,2,1,2,2,2,5,1,2,1,1,1,2,2
66,0,3,2,1,0.423076923076923,7,7,6,1,2,3,1,3,2,4,4,3,4,2,2,4,4,4,4,5,3,2,6,5,4,2,2,4,1,1,4,4,4,4,2,2,1,1,2,5,4,5,6,4,-2,5,1,1997,1,50,12,0,0,0,1,1,2,1,1,2,2,3,2,3,2,2,2,1,1
35,82,3,1,3,1.23809523809524,4,3,4,6,4,1,2,2,2,3,4,3,3,1,3,3,4,3,4,4,2,4,4,4,4,3,2,2,5,3,5,2,5,4,1,2,2,1,1,2,1,10,4,5,3,5,2,1998,1,50,8,12,6,10,1,4,2,1,2,1,2,3,1,4,1,2,2,1,2
81,21,1,2,3,1.96153846153846,1,1,1,6,1,1,1,3,4,4,3,4,5,2,3,4,2,4,4,4,4,4,4,3,6,5,4,5,4,2,1,1,1,1,2,2,1,1,1,5,1,15,1,-4,5,5,1,1994,1,100,8,0,3,9,2,2,2,1,1,2,1,2,1,3,2,1,1,2,1
100,100,2,1,3,0.166666666666667,7,6,7,1,1,1,1,1,2,3,4,4,4,2,4,4,4,4,3,1,2,2,4,4,5,4,3,5,5,4,5,5,5,5,2,2,2,2,2,1,1,0,2,0,5,5,2,1998,1,75,0,8,0,4,3,2,2,2,2,2,2,2,1,3,2,2,2,1,2
70,75,1,2,2,1.64516129032258,3,3,3,6,2,2,2,3,3,2,3,4,3,3,2,4,2,2,3,2,3,3,4,4,5,4,2,4,4,1,2,2,2,2,1,2,1,1,1,2,1,15,4,-1,-3,-1,2,1996,1,75,8,3,11,18,4,1,2,1,2,2,1,1,2,2,2,1,1,1,1
35,20,2,1,3,1,2,2,2,6,4,3,2,3,4,4,1,2,3,4,5,3,1,2,1,2,4,4,5,5,5,5,2,5,2,1,2,2,2,2,1,2,2,1,2,2,1,15,4,-1,-1,-2,2,1996,1,70,0,0,8,40,5,4,1,1,2,2,2,2,1,3,2,1,2,2,1
70,20,3,2,1,3.72727272727273,4,4,3,7,1,1,1,1,3,3,2,3,2,4,3,3,1,3,2,2,4,1,4,3,3,2,4,5,1,2,1,2,2,2,2,1,1,1,1,5,3,15,2,4,2,4,1,1998,1,70,4,0,2,8,5,3,2,1,1,2,2,3,2,2,2,2,2,1,1
51,30,3,2,1,0.516129032258065,1,3,2,6,1,2,2,2,4,3,4,2,4,2,4,4,2,2,4,4,3,3,4,4,4,3,4,5,2,2,2,3,2,2,1,2,2,1,1,3,1,15,2,4,4,3,1,1999,1,76,12,0,15,2,3,2,2,1,2,1,2,3,2,1,2,1,1,2,1
0,0,1,2,3,1.24390243902439,2,2,2,6,2,1,1,1,4,2,3,3,4,3,4,4,2,3,4,3,3,4,3,3,3,3,4,4,4,2,2,2,2,2,1,2,2,2,2,2,1,20,2,-2,1,1,2,1999,1,69,10,0,6,9,3,2,2,1,2,2,2,1,1,1,1,2,2,1,1
10,8,1,2,1,3.38095238095238,1,1,2,7,3,1,2,2,4,2,3,2,3,4,5,4,2,2,2,3,4,4,5,5,5,5,2,2,1,1,2,2,1,2,1,2,2,1,2,2,1,10,2,-2,3,4,2,1999,1,83,12,3,12,15,2,1,2,1,1,1,2,2,1,1,2,1,2,1,2
3,4,3,2,3,4.63636363636364,1,1,1,7,2,2,2,2,4,2,2,2,3,2,2,3,2,3,3,3,5,3,4,2,2,3,5,5,1,5,4,4,4,3,1,1,2,1,1,2,1,8,2,-4,0,3,2,1997,2,80,0,0,6,26,3,3,2,2,2,1,2,3,2,3,2,1,2,2,1
85,60,2,2,3,0.375,1,3,1,7,1,2,1,1,3,3,1,2,3,2,3,3,2,2,2,3,4,3,3,3,3,3,2,5,2,1,3,4,4,4,1,2,2,1,1,2,1,15,2,4,1,4,1,1998,1,80,9,0,5,16,3,3,2,2,2,1,2,2,2,3,2,1,1,2,1
20,2,1,2,1,1.32258064516129,2,2,2,6,1,2,1,3,4,4,3,3,4,2,2,3,4,4,3,3,4,4,4,4,4,4,5,5,5,5,1,1,1,1,1,2,2,1,1,2,1,5,2,-5,-2,3,2,1999,1,75,12,1,10,10,3,4,2,1,2,2,2,1,1,1,1,2,2,1,2
92,15,1,1,1,1.47619047619048,2,2,2,3,1,3,3,3,4,4,4,4,5,2,3,4,2,5,3,5,5,2,3,3,2,3,3,3,4,4,2,2,2,4,1,1,2,1,1,2,1,10,2,3,-4,3,2,1998,1,76,4,0,16,20,1,2,2,2,1,1,2,1,1,2,2,1,2,1,1
40,50,1,2,2,1.16129032258065,2,3,3,6,2,2,1,2,3,3,2,3,4,3,4,3,2,2,3,3,4,3,3,3,4,4,4,4,4,2,2,2,3,2,1,2,2,1,1,5,3,15,1,1,2,3,2,1999,1,80,12,0,12,7,3,5,2,1,2,2,2,1,2,2,2,2,1,2,1
70,40,2,2,1,2.25,2,2,2,6,2,4,4,4,5,4,1,2,2,3,5,3,2,2,1,1,5,4,5,5,5,3,2,5,4,2,4,4,4,4,1,2,1,1,2,2,1,10,4,2,1,1,2,1999,1,75,8,0,12,20,2,5,2,1,2,2,2,2,2,2,2,1,1,2,1
9,19,3,1,1,1.57692307692308,2,2,2,6,4,3,3,2,4,3,2,2,3,4,3,3,1,2,4,2,4,4,5,5,5,3,4,4,3,3,2,3,2,2,1,2,1,1,1,2,1,12,2,1,1,0,2,1998,1,72,3,0,15,35,3,1,2,1,1,2,2,5,2,2,2,1,1,2,1
0,0,2,1,3,3.1875,2,3,3,6,3,3,3,3,3,3,2,2,4,4,3,3,2,2,2,2,4,4,5,5,5,4,5,5,5,4,1,1,1,1,1,2,1,2,2,3,1,30,4,2,2,2,2,1998,2,51,0,0,10,30,2,1,2,2,2,2,1,1,1,3,2,2,1,2,1
70,60,1,2,1,1.64516129032258,6,3,3,4,3,2,2,2,4,4,3,3,4,3,4,4,2,3,4,4,4,4,4,4,5,4,4,4,5,5,4,2,4,4,1,2,2,1,1,2,1,10,2,2,0,2,2,1999,1,75,10,0,15,20,3,5,2,1,2,1,2,2,1,3,2,1,1,2,1
40,20,1,1,1,2.9047619047619,4,4,4,4,2,4,3,4,4,4,2,2,3,4,4,3,2,2,2,3,4,4,4,4,4,4,4,4,3,2,2,3,3,2,1,2,1,2,1,2,1,10,4,3,1,1,2,1999,1,71,20,0,2,5,1,2,2,1,1,2,1,1,1,1,2,1,2,1,1
4,10,1,1,3,2.42857142857143,3,3,3,5,3,1,2,1,3,2,3,3,4,4,4,4,2,2,3,4,4,4,4,4,4,4,2,4,4,4,2,2,2,2,1,2,2,1,1,3,1,5,2,-1,3,3,1,1999,1,60,0,0,10,20,3,1,2,1,2,2,2,1,1,3,2,1,1,1,1
30,71,3,1,2,1.90909090909091,2,3,2,6,1,2,1,1,5,4,2,2,4,4,4,4,2,2,2,2,4,4,3,3,3,3,4,4,2,2,2,2,2,2,2,2,2,1,1,5,1,20,3,2,-3,2,1,1998,1,60,0,0,0,20,1,4,2,1,2,2,1,3,1,2,1,2,2,1,1
51,50,1,1,1,1.32258064516129,3,3,3,5,1,2,2,3,3,3,2,2,4,4,2,4,2,2,3,4,2,4,5,4,4,3,2,4,2,2,2,2,2,2,1,2,2,1,1,2,1,15,4,2,-4,3,2,1998,1,64,0,0,10,6,1,3,2,1,1,2,1,2,1,2,2,2,2,1,1
29,83,2,2,2,1.90909090909091,4,4,4,4,3,1,1,2,4,2,2,4,3,3,2,2,3,3,4,3,4,4,3,3,3,2,4,5,2,2,1,1,1,1,1,2,2,1,1,2,1,10,2,-3,-3,5,1,1999,1,50,16,0,7,7,3,3,2,1,2,2,2,2,2,2,2,2,2,1,1
28,19,1,1,2,3.72727272727273,1,2,3,7,2,2,3,1,4,3,2,2,3,4,4,3,2,2,2,3,5,4,5,5,6,5,2,4,3,2,3,3,3,3,1,2,2,1,1,3,3,15,2,2,3,5,1,1999,1,71,10,0,5,8,3,3,2,1,1,2,2,2,1,2,2,1,1,2,1
19,9,1,1,1,1.96774193548387,2,2,2,6,3,3,4,3,4,4,3,2,4,4,4,4,1,2,3,2,5,4,5,5,6,4,4,4,3,4,4,3,4,4,1,2,1,1,1,2,3,30,2,-2,2,-3,1,1995,1,72,16,0,10,5,3,3,1,1,2,2,2,1,1,1,2,1,1,2,1
30,90,1,2,3,8.27272727272727,1,1,7,7,3,2,2,2,4,4,2,4,4,4,4,4,2,2,4,2,4,4,3,3,3,2,4,5,2,2,1,2,2,1,1,2,1,1,2,2,1,9,4,3,0,3,1,1997,1,71,13,13,4,20,2,2,2,1,1,2,2,1,2,3,2,1,2,1,1
0,0,3,1,3,3.72727272727273,2,3,1,7,2,1,2,3,4,2,3,2,4,2,4,1,2,4,3,3,4,4,5,5,5,3,3,5,2,1,3,3,3,3,1,2,2,1,1,2,1,12,4,3,0,2,2,1997,1,60,0,1,8,8,1,2,2,1,2,1,1,3,1,3,2,1,1,2,1
100,100,2,1,3,1.47619047619048,2,2,2,7,3,1,2,3,4,4,2,2,3,2,4,4,2,1,3,4,4,3,6,6,6,4,4,5,2,2,2,4,4,2,1,2,2,2,2,2,2,15,2,2,1,1,2,1999,1,80,7,0,10,10,3,4,2,1,2,2,2,1,1,3,2,1,1,2,1
71,9,2,2,1,1.625,2,2,2,7,1,2,1,1,4,2,2,2,4,3,4,3,2,3,3,3,4,3,3,3,5,3,4,5,3,2,4,4,4,4,1,1,2,1,1,2,1,10,4,1,0,1,2,1997,1,75,0,0,2,30,1,2,2,1,1,2,2,2,2,1,2,1,1,2,1
75,100,2,1,2,0.6875,3,4,3,5,2,2,2,1,4,2,2,3,5,3,2,3,3,1,2,2,4,4,5,3,3,3,3,4,4,2,2,3,4,2,1,2,2,1,1,2,1,10,2,-3,0,2,1,1999,1,72,0,2,0,10,3,2,2,1,1,2,2,1,1,2,2,2,2,1,1
30,70,1,1,1,1,5,6,3,6,1,2,2,1,4,4,2,2,3,5,4,2,2,2,2,2,4,2,3,3,3,2,2,4,2,1,4,3,4,4,1,2,1,1,1,5,3,10,2,3,4,3,1,1994,1,69,20,0,0,20,1,1,1,2,2,2,2,1,1,2,1,2,2,1,2
20,2,1,2,2,0.464285714285714,7,7,7,1,2,1,1,2,3,2,4,3,4,4,3,3,4,2,2,4,3,4,5,5,5,4,2,5,4,1,2,2,2,2,1,2,2,1,1,4,1,20,2,2,1,5,2,1995,1,60,16,0,10,15,3,4,1,1,2,2,1,2,2,2,2,1,1,2,2
60,30,1,2,2,3.38095238095238,3,2,2,3,2,3,3,2,4,2,2,3,3,3,4,3,2,2,4,2,4,3,5,5,5,4,3,4,4,2,3,2,3,4,1,2,2,1,1,4,4,15,2,-1,-2,-1,2,1999,1,76,0,0,8,20,3,3,2,1,2,1,2,1,2,2,2,2,2,1,1
4,6,3,1,2,5.54545454545455,5,5,5,2,1,2,1,3,2,4,4,3,2,4,4,4,4,3,4,3,3,2,4,3,4,3,4,4,3,3,2,2,2,3,1,1,1,1,1,2,1,0,4,-3,3,-5,1,1998,1,69,1,0,4,7,1,1,2,2,1,2,2,1,1,2,2,1,1,2,1
81,90,2,2,2,5.54545454545455,2,1,2,2,3,2,3,2,2,5,1,2,4,5,4,5,1,1,2,1,4,5,4,4,3,2,4,5,5,5,2,1,2,1,1,2,1,2,2,2,1,10,4,-3,2,3,1,1998,2,80,0,8,20,30,1,1,2,2,2,1,1,2,1,2,2,1,1,2,1
30,30,1,2,2,1.24390243902439,2,3,3,4,1,1,2,2,4,4,1,1,4,4,5,3,1,1,1,3,5,3,5,4,5,3,3,5,5,1,2,3,2,2,1,2,2,1,1,2,1,10,2,-5,3,5,1,1998,1,85,12,8,12,12,3,4,2,2,2,2,2,1,2,2,2,1,1,2,1
71,29,2,1,2,1,5,6,6,3,1,1,1,2,2,4,4,4,4,3,4,2,2,4,4,4,4,2,4,4,4,2,4,5,5,2,2,4,2,2,1,2,2,1,1,3,1,30,2,-1,3,2,1,1998,1,60,8,0,16,20,3,4,2,1,2,2,2,1,1,2,2,2,2,2,1
30,20,2,1,3,1.90909090909091,6,6,4,3,1,2,2,2,4,2,2,2,4,4,4,4,2,4,2,3,4,4,5,5,5,5,2,4,4,2,2,2,2,2,1,2,2,1,1,2,2,15,2,2,-1,2,1,1999,1,30,20,0,6,10,3,4,2,1,2,2,2,2,1,3,1,2,2,1,2
30,19,3,1,1,1,1,2,2,6,2,2,2,1,4,4,2,2,4,4,3,3,2,4,2,2,4,4,5,4,5,4,3,4,4,2,2,4,4,2,1,2,2,1,1,3,3,30,2,-2,0,-1,1,1997,1,60,0,0,10,2,1,5,2,1,1,2,2,3,1,3,1,2,1,1,1
60,100,1,2,2,1.48780487804878,1,2,1,6,1,3,2,1,2,5,4,5,4,2,3,4,5,4,4,5,3,4,5,4,5,6,4,3,5,1,2,1,1,1,1,2,1,1,2,2,2,30,4,4,0,4,2,1998,2,40,15,2,4,15,2,2,2,2,2,1,1,1,2,2,1,2,2,2,1
80,50,1,1,1,3.38095238095238,2,4,2,6,1,1,2,3,3,4,1,2,4,3,4,4,2,4,3,3,4,2,3,3,5,3,1,5,2,3,3,2,3,3,1,2,1,1,1,2,1,15,2,-2,4,5,1,1997,1,75,16,0,9,3,3,1,2,1,2,1,2,1,1,1,2,2,2,2,1
75,90,1,2,1,0.508196721311475,1,2,1,7,1,1,1,1,4,3,1,1,3,5,5,5,1,1,1,1,4,5,4,3,4,5,5,5,5,1,2,2,2,2,1,2,1,1,1,2,1,15,4,-3,0,0,2,1995,1,100,0,0,20,30,4,1,1,1,2,2,2,1,2,1,2,1,1,1,1
0,5,3,2,2,0.523809523809524,3,6,2,6,2,2,1,2,3,3,2,3,4,4,4,4,2,2,2,3,4,4,6,6,4,4,4,4,3,2,2,2,2,2,1,2,1,2,2,3,2,30,4,4,0,3,1,1999,1,67,0,0,20,20,1,4,2,1,2,2,2,2,1,2,2,1,1,2,2
70,1,1,2,3,0.411764705882353,6,6,6,2,1,2,1,4,3,3,3,3,3,3,3,3,3,3,3,3,3,3,4,5,5,4,4,4,4,1,4,4,4,4,1,2,2,1,1,3,2,20,2,-3,-2,5,1,1996,1,78,16,0,10,10,4,1,2,1,1,1,2,2,1,3,2,1,2,1,1
5,20,3,2,1,5.16666666666667,6,3,3,2,3,1,1,1,5,4,5,3,2,2,2,4,2,2,2,4,3,5,2,2,4,3,5,5,5,2,4,4,3,4,2,2,1,1,1,4,3,20,2,4,5,5,1,1996,1,70,15,0,0,25,1,1,2,1,2,2,2,1,2,1,2,1,2,1,1
30,22,3,2,1,1.90909090909091,2,2,2,6,3,1,1,1,2,3,4,4,4,1,2,2,4,4,3,4,2,2,3,3,3,3,2,4,4,2,3,4,4,4,1,2,2,1,1,3,1,10,2,3,2,3,1,1999,1,78,0,0,6,8,3,2,2,1,2,2,2,3,2,1,1,2,2,1,2
82,92,2,2,2,1.32258064516129,2,3,2,5,2,4,3,4,5,4,2,2,4,5,5,3,3,1,2,2,4,5,6,6,6,6,2,4,2,1,2,3,3,4,1,2,1,1,2,2,1,60,4,5,-5,3,2,1999,2,56,0,0,5,30,1,4,2,2,2,2,1,2,1,2,2,1,1,2,1
20,10,1,2,2,0.891304347826087,2,2,2,6,1,2,1,3,4,3,2,2,4,4,4,4,4,2,2,4,4,4,5,4,4,4,2,4,4,2,4,4,4,3,1,2,2,1,2,2,1,15,2,4,0,2,1,1998,1,65,2,0,15,15,3,4,2,1,2,2,1,1,1,2,2,2,1,2,1
70,20,2,2,1,0.67741935483871,3,3,3,6,1,2,3,1,4,2,3,4,4,4,4,4,2,2,3,3,4,3,3,4,4,4,2,5,3,3,3,2,4,3,1,2,2,1,1,5,1,15,5,2,3,5,1,1999,1,75,5,0,10,10,3,2,2,1,2,1,2,2,2,3,2,1,1,2,2
0,0,2,2,3,1.64516129032258,2,6,2,6,1,1,1,1,4,2,2,2,3,4,1,4,3,3,4,2,2,4,1,1,1,1,3,5,2,1,2,2,2,3,2,2,2,1,2,1,1,60,2,-1,5,5,1,1998,2,54,0,0,5,5,1,1,2,2,2,2,2,2,2,3,2,2,2,1,1
15,30,2,2,3,1.90909090909091,3,6,3,3,1,1,1,3,4,3,2,3,4,4,3,4,2,2,2,3,3,4,4,5,4,3,2,4,3,1,2,2,2,2,1,2,2,1,1,2,1,15,2,1,2,5,1,1998,1,75,6,0,6,10,3,3,2,2,2,1,2,2,2,3,2,2,2,2,1
6,2,3,1,1,3.72727272727273,1,1,2,5,1,4,2,4,2,2,1,1,4,3,3,3,3,1,2,1,4,2,6,5,5,6,2,5,5,2,1,3,2,1,1,2,1,1,2,2,1,25,4,-3,-5,-2,2,1997,1,59,10,0,8,14,5,1,2,1,1,2,2,3,1,1,2,2,2,1,2
64,8,1,1,1,2.42857142857143,3,4,3,3,1,1,2,2,3,2,3,1,4,2,4,2,2,1,3,2,4,3,4,3,5,5,3,5,4,1,3,3,2,4,1,2,2,1,1,3,2,60,2,4,1,4,1,1999,1,85,15,0,12,12,3,2,2,1,2,2,2,1,1,1,2,1,1,2,1
0,20,3,2,2,1,1,1,1,7,1,2,2,1,4,3,4,4,4,1,4,4,1,1,2,5,4,4,5,4,5,6,5,4,5,2,1,2,2,2,1,2,1,1,1,3,1,10,2,1,4,5,1,1999,1,70,9,0,19,15,3,4,2,1,2,2,2,3,1,2,2,2,2,1,1
23,0,2,1,1,0.6875,3,4,3,5,1,1,1,1,2,3,4,4,4,4,2,3,4,4,3,3,2,3,3,4,3,2,4,5,4,2,4,4,4,4,1,2,2,1,1,3,3,40,2,2,4,5,1,1996,1,73,12,0,12,14,3,2,1,1,2,2,1,1,4,2,1,1,1,2,1
50,30,1,1,2,0.67741935483871,4,5,5,4,1,1,2,1,4,4,2,2,4,3,4,3,2,2,2,3,4,4,3,3,3,3,3,4,3,1,2,2,2,2,1,2,2,1,1,5,3,10,2,2,4,0,1,1995,2,70,0,0,5,25,2,1,1,2,2,2,1,2,1,2,2,2,2,1,1
70,100,3,1,2,2.36363636363636,1,1,1,7,1,2,2,3,3,4,2,2,4,3,4,3,2,1,2,4,5,2,3,3,3,3,1,4,1,1,2,2,2,2,1,2,1,1,1,2,1,10,4,2,-1,4,2,1998,1,60,12,0,10,6,1,2,2,2,1,2,2,3,1,2,2,2,2,1,1
31,20,1,1,1,1.24390243902439,1,2,1,7,2,4,2,4,4,4,2,2,3,4,4,3,1,2,2,3,5,4,6,5,4,5,4,4,3,2,2,4,1,2,1,2,2,1,2,2,1,20,4,-2,-5,-4,1,1998,2,78,0,0,12,42,2,2,2,1,2,1,1,1,1,2,1,1,1,1,2
43,57,1,2,2,2.42857142857143,2,3,2,6,2,1,2,1,4,3,4,2,4,2,2,3,3,4,4,3,3,2,4,4,4,3,2,4,2,2,2,2,2,2,1,2,2,1,1,5,3,5,2,-1,3,3,2,1999,1,85,10,0,6,20,3,2,2,1,2,2,2,1,2,2,2,1,2,1,1
0,20,1,1,3,0.301675977653631,4,3,3,6,2,1,2,1,3,4,2,3,4,4,4,3,2,2,3,3,2,4,6,5,5,4,2,4,5,1,4,2,3,4,1,2,2,1,2,1,1,30,2,5,5,5,1,1997,1,70,0,0,10,20,3,4,2,2,2,2,1,1,1,3,2,2,1,1,1
91,0,2,2,3,0.634146341463415,1,4,1,7,3,1,1,2,5,3,3,3,4,4,4,3,2,2,4,3,4,4,3,3,4,3,2,4,3,2,4,5,4,4,1,2,1,1,1,3,3,10,2,3,5,4,1,1998,1,100,24,0,3,2,3,4,2,1,2,2,2,2,2,3,2,1,1,2,1
0,20,1,2,2,1,3,3,3,5,1,1,2,2,4,3,2,3,2,4,3,4,3,3,2,2,4,4,3,2,3,4,3,5,4,2,4,4,4,4,1,2,1,1,1,2,1,15,2,3,2,2,1,1998,1,55,10,0,5,5,3,1,2,1,2,2,1,1,2,2,2,1,2,2,1
30,72,3,1,3,10.1666666666667,2,3,2,6,4,3,3,3,4,1,2,2,4,4,4,4,2,2,2,2,5,4,3,3,3,3,4,4,3,2,2,3,2,2,1,2,1,1,1,2,1,8,2,-3,2,-1,1,1999,1,77,6,6,10,15,3,1,2,1,2,1,2,3,1,3,2,1,1,2,1
42,48,3,1,3,2.42857142857143,5,3,4,5,2,1,1,1,2,3,4,4,3,3,3,4,4,1,2,3,4,4,3,6,4,2,3,4,3,3,2,2,1,2,1,2,2,1,1,5,3,10,6,-2,3,5,1,1998,1,19,12,0,6,20,3,1,2,2,2,2,1,3,2,2,1,2,2,1,1
65,0,2,2,1,6.83333333333333,2,3,2,6,1,2,1,2,3,2,2,2,4,1,3,3,2,2,2,2,2,2,5,4,4,2,3,4,2,4,4,3,4,4,1,1,2,1,1,2,3,10,2,3,2,3,1,1996,1,85,12,2,0,25,3,4,2,1,2,1,2,2,2,2,2,1,1,2,1
40,60,2,1,3,1.90909090909091,2,3,3,4,3,2,3,2,4,3,2,2,3,3,5,4,2,2,2,3,4,4,3,4,3,3,3,4,4,3,2,2,2,2,1,2,2,1,1,4,3,20,2,-2,1,1,2,1999,1,61,15,0,12,18,3,5,2,2,2,2,2,1,1,3,2,1,2,1,1
20,0,1,2,2,0.411764705882353,1,1,1,7,4,3,2,1,3,1,4,3,4,3,5,1,2,4,3,4,3,2,5,5,5,5,4,4,5,4,2,2,1,1,1,2,1,1,1,2,1,25,4,-4,-2,-3,2,1996,1,60,6,6,12,7,2,1,2,1,2,1,2,1,2,2,1,2,2,1,1
61,40,2,1,1,1.32258064516129,3,5,2,1,1,3,3,2,4,4,1,1,4,3,5,4,1,2,1,2,3,4,3,5,3,3,2,4,1,1,4,4,4,4,1,2,2,1,1,4,1,15,2,-3,3,3,2,1998,2,83,0,0,6,20,2,1,2,2,2,2,2,2,1,1,2,2,2,2,1
1,30,3,2,2,0.75609756097561,1,1,1,6,4,4,4,4,5,2,2,2,4,5,5,4,2,1,2,4,5,4,5,5,6,4,5,5,3,2,2,3,1,2,1,2,1,1,1,2,1,20,4,3,0,2,2,1996,2,83,5,20,20,40,1,1,2,2,2,1,1,3,2,2,2,1,1,2,1
70,0,1,2,1,1.96774193548387,3,3,3,5,4,4,4,2,4,4,3,2,5,3,4,3,2,3,2,2,4,4,5,5,5,5,4,4,2,2,2,2,2,2,2,1,1,2,2,3,1,15,4,-3,3,-3,1,1999,2,55,0,8,2,40,2,5,2,2,2,2,1,1,1,2,2,1,1,2,1
71,71,1,2,2,4.63636363636364,2,2,2,5,1,1,1,1,2,2,4,3,3,2,2,3,2,4,2,4,2,2,2,3,4,2,4,4,4,4,4,4,4,4,1,2,1,1,1,2,1,15,4,-1,1,2,1,1998,1,50,12,0,10,5,2,1,2,1,2,1,2,1,2,2,2,2,2,1,1
25,10,2,1,2,0.807692307692308,2,2,2,6,1,2,4,2,4,2,2,2,2,3,3,4,2,2,2,4,4,4,4,3,4,4,3,5,4,2,2,4,4,4,1,2,2,1,1,3,2,30,2,-3,3,3,1,1999,1,67,14,3,10,15,3,4,2,2,2,2,2,1,1,2,2,2,1,2,1
18,4,3,1,1,1.96153846153846,4,4,4,5,1,3,2,2,3,3,3,4,3,3,2,4,2,2,4,4,3,3,4,3,5,4,2,4,4,4,4,4,3,3,2,2,2,1,1,3,1,10,2,2,1,1,1,1998,2,13,0,3,10,0,4,2,2,1,2,2,1,3,1,1,2,2,1,2,1
92,64,2,1,1,1.57692307692308,1,1,3,6,1,3,3,3,4,3,2,4,5,2,4,2,5,4,1,3,5,4,5,5,5,4,4,5,5,2,3,4,5,3,1,1,2,1,2,4,1,30,2,3,2,0,2,1999,2,50,0,8,6,20,2,1,2,2,2,1,1,1,1,3,2,2,2,2,1
70,80,2,2,3,1.47619047619048,1,1,1,7,2,4,2,4,5,3,2,2,5,5,4,3,1,2,2,3,5,4,6,5,5,4,4,4,4,2,2,2,1,2,1,2,1,1,1,2,1,30,4,2,-1,-2,2,1996,1,80,20,0,3,15,2,1,2,1,2,1,1,2,2,3,2,1,1,2,1
50,0,2,1,2,0.67741935483871,2,6,2,6,4,2,4,2,5,4,1,2,4,5,5,4,1,1,1,4,5,4,6,6,6,4,4,5,3,1,1,1,1,1,1,1,2,1,1,3,1,25,4,-4,3,-3,1,1994,1,85,16,0,12,20,2,1,2,1,2,1,2,2,1,2,2,1,1,2,1
20,41,1,1,3,1.95238095238095,1,1,1,7,1,3,1,3,2,4,4,4,2,4,2,4,4,3,3,3,2,3,5,4,5,4,4,4,4,4,3,3,4,4,2,2,1,1,2,3,1,15,2,0,2,4,1,1998,2,75,7,0,5,40,1,1,2,2,1,2,1,2,1,3,2,2,2,1,1
30,21,2,1,3,1,1,7,4,7,2,1,1,4,3,1,3,1,5,1,5,3,2,3,3,5,4,3,4,4,4,3,5,5,5,1,1,1,1,1,1,2,2,1,1,2,1,15,4,-3,0,3,1,1996,1,51,50,5,10,7,2,4,2,1,1,1,1,1,1,3,2,1,2,1,1
0,0,1,1,2,1,1,2,2,6,3,3,3,3,4,3,2,2,4,4,4,4,2,2,2,3,4,4,4,4,4,3,4,4,4,4,1,1,2,1,1,2,2,2,2,2,1,20,4,0,1,2,1,1995,2,50,4,0,12,5,2,4,2,2,2,1,2,1,1,2,1,1,1,2,1
20,90,3,1,3,5.54545454545455,1,1,1,7,1,2,2,2,4,3,2,2,3,4,4,4,1,2,2,3,4,4,5,5,4,4,4,5,4,3,2,3,3,3,1,2,1,1,2,2,1,20,2,-4,2,4,1,1999,1,80,3,0,10,8,1,1,2,2,1,2,2,3,1,3,2,1,1,2,1
50,60,2,1,1,1.83333333333333,3,2,2,5,2,3,3,2,4,2,2,3,4,5,5,3,1,1,2,3,4,3,4,4,5,4,2,4,2,1,2,2,3,4,1,2,1,1,1,2,1,15,4,4,-2,-4,2,1998,1,89,12,0,6,20,5,4,2,1,1,2,2,2,1,1,1,1,1,2,1
0,70,1,2,3,2.34615384615385,5,5,2,6,1,1,1,2,5,3,1,2,3,3,3,4,3,2,2,2,5,4,4,4,4,4,2,4,4,2,2,2,2,2,2,2,2,1,1,2,1,30,4,-3,-2,-1,1,1997,1,85,8,0,6,10,1,1,2,1,2,2,2,1,1,3,2,1,1,2,1
20,30,3,1,2,0.51219512195122,1,1,1,7,1,4,3,4,4,2,4,4,5,5,4,2,2,2,4,5,5,5,6,6,6,6,5,4,2,2,2,2,2,2,1,2,2,1,1,2,1,15,4,2,-3,-3,2,1997,1,70,4,0,9,15,3,3,2,1,2,1,2,3,1,2,2,2,2,1,1
90,5,2,2,3,0.423076923076923,1,1,1,7,1,1,3,2,4,3,2,2,4,4,3,3,3,2,2,2,4,4,4,3,4,4,3,4,4,2,1,1,1,1,1,2,2,1,1,2,1,15,2,2,4,5,1,1999,1,77,16,16,10,10,1,1,2,1,2,1,2,2,2,3,2,1,1,2,1
100,39,2,1,1,0.6875,6,6,6,2,1,1,1,2,4,4,2,2,3,4,4,4,2,2,2,2,4,5,3,3,4,2,3,4,4,2,4,4,4,2,2,1,2,1,2,2,1,10,4,2,3,4,2,1999,2,30,0,2,6,40,1,1,2,1,2,1,1,2,1,1,2,2,2,1,2
70,50,1,2,2,1.24390243902439,1,1,2,6,1,3,3,2,4,3,2,4,4,2,4,3,2,2,4,3,4,4,3,3,3,3,4,5,4,3,2,2,2,2,1,2,2,1,1,2,1,20,2,3,-2,2,2,1999,2,70,16,0,10,8,2,3,2,1,2,2,2,1,1,2,2,1,1,2,1
31,16,3,2,1,51,1,1,1,7,4,1,2,1,4,4,4,2,4,4,4,4,1,3,4,4,4,4,4,4,4,4,4,4,2,2,3,4,4,3,2,2,1,1,1,5,1,20,2,-4,4,3,1,1996,1,28,25,2,8,3,3,2,2,1,2,2,2,3,1,1,2,1,1,2,1
40,90,1,1,2,2.12903225806452,2,6,4,3,1,2,4,2,5,1,1,4,4,2,4,3,1,1,2,2,5,4,4,4,4,2,2,4,3,2,2,5,3,4,1,2,2,1,1,3,2,15,2,2,-2,0,1,1999,1,50,15,0,16,14,3,4,2,1,2,2,2,1,1,2,2,1,2,2,1
44,50,3,2,2,2.35714285714286,1,1,1,7,3,2,4,3,5,3,2,1,3,4,4,4,1,2,2,3,5,4,5,6,5,4,4,4,4,4,2,2,1,1,1,2,2,1,2,2,1,20,4,-1,-1,-2,2,1996,1,88,0,0,5,35,1,5,1,2,2,2,1,3,2,3,2,1,1,2,1
10,0,3,1,2,0.523809523809524,2,1,1,6,1,2,1,2,3,2,4,2,4,2,4,4,4,4,4,3,3,3,3,3,5,4,4,5,5,2,2,2,2,2,1,1,2,1,1,2,1,20,2,3,3,5,1,1998,1,80,10,0,12,4,3,1,2,1,2,1,2,3,1,2,2,1,1,2,1
10,20,3,2,3,1,3,4,3,2,1,1,1,1,3,2,4,3,3,4,1,4,3,3,2,4,3,4,5,4,3,4,4,4,4,3,2,2,3,2,1,2,1,1,1,2,2,10,2,5,3,2,1,1998,1,81,18,0,4,20,3,2,2,2,2,2,2,1,2,3,2,2,2,1,2
40,1,3,2,1,1,1,1,1,7,1,1,1,2,3,4,2,2,4,3,4,3,2,1,4,4,5,5,3,4,4,3,4,5,5,4,1,1,1,1,1,2,2,1,1,2,1,30,2,3,0,5,2,1998,1,70,8,0,12,8,3,1,2,1,2,2,2,3,2,1,2,1,2,1,1
19,61,3,2,3,1.47619047619048,2,3,2,7,2,1,1,4,4,3,1,2,5,3,4,4,1,3,2,2,4,4,4,4,6,4,2,5,3,4,NA,4,4,4,1,2,2,1,1,2,2,10,2,4,-3,5,2,1999,1,70,15,4,8,10,3,3,2,1,2,2,2,3,2,3,1,1,1,2,1
70,90,1,2,3,1.96153846153846,6,6,6,6,1,2,1,3,4,3,2,2,4,4,4,4,2,2,2,2,4,4,3,4,4,3,4,5,4,2,4,4,4,4,1,2,1,1,1,2,1,10,4,-3,1,4,1,1996,1,70,10,2,10,20,2,1,2,1,1,2,2,1,2,3,2,1,1,2,1
20,35,3,2,2,4.63636363636364,6,6,5,2,1,1,1,2,4,3,2,2,4,3,3,3,2,2,2,3,4,4,3,4,3,3,3,5,3,2,4,4,4,4,2,2,1,1,1,5,1,15,1,3,4,4,1,1997,1,85,10,0,12,16,1,1,2,1,1,2,1,3,1,2,2,1,1,2,1
30,50,3,2,3,1,2,2,2,6,2,1,1,1,4,2,2,2,2,4,4,4,2,2,4,3,4,3,4,4,4,4,5,5,2,3,4,4,4,4,1,2,2,1,1,4,4,30,2,4,3,5,1,2000,1,75,12,0,15,15,3,4,2,2,2,2,2,3,2,3,2,1,1,2,2
25,70,3,1,1,2.36363636363636,4,2,3,4,1,3,2,3,3,3,2,2,3,2,4,3,3,4,2,3,5,4,3,4,3,2,2,5,4,2,3,3,4,2,2,2,2,1,1,2,1,10,4,2,-3,-3,1,1999,1,88,0,0,15,30,1,1,2,1,2,2,2,3,1,2,2,1,1,1,1
35,50,1,2,2,0.607843137254902,4,5,3,6,1,1,1,1,2,4,3,1,5,1,4,2,3,1,4,4,2,1,3,4,4,2,4,5,5,2,2,1,1,1,1,2,2,1,1,4,3,45,1,-2,3,4,1,1999,1,85,16,0,10,8,4,4,2,1,2,2,2,1,2,2,2,1,1,2,1
30,10,1,1,1,1.96153846153846,2,3,2,6,2,2,2,2,4,3,2,2,2,4,4,3,2,2,2,2,4,4,4,4,3,2,2,4,4,2,2,2,2,2,1,2,1,1,2,2,1,15,2,0,2,2,1,1993,1,75,14,0,12,12,3,1,1,1,2,2,2,2,1,1,2,1,2,1,1
0,0,2,1,1,1.95238095238095,1,2,1,7,2,1,1,3,4,3,2,2,3,4,4,2,2,2,3,3,4,3,4,5,5,4,4,5,3,4,2,4,4,3,1,2,2,1,1,3,1,8,2,-3,4,5,1,1998,1,55,8,0,10,20,3,4,2,1,2,2,2,2,1,2,2,1,2,1,1
30,81,3,2,3,0.268292682926829,6,6,6,2,3,4,4,4,5,5,1,1,2,5,5,3,1,1,1,3,5,5,6,6,5,5,3,4,2,2,2,3,3,3,1,2,1,1,2,2,1,25,4,2,-4,-3,1,1997,1,78,6,0,10,30,2,1,2,2,2,2,2,3,2,3,2,1,1,2,1
75,0,2,2,3,1,1,3,1,6,1,2,3,3,4,3,1,2,3,4,5,4,1,1,2,3,4,4,6,6,6,4,2,4,3,1,4,5,4,4,1,2,2,1,1,3,1,10,2,-4,1,2,1,1999,1,78,0,0,12,20,3,3,2,2,2,2,2,2,2,3,2,1,1,2,1
1,20,1,1,3,76,7,7,7,2,1,2,3,2,5,1,3,4,5,5,4,4,2,4,5,1,2,2,2,2,5,2,4,4,4,4,2,2,2,2,1,2,1,1,1,2,1,30,4,5,-3,5,2,1998,1,61,3,0,2,3,2,4,2,2,1,2,2,2,1,3,2,1,1,2,1
50,85,2,2,1,0.0909090909090909,1,1,1,7,1,3,1,4,2,4,3,4,4,4,2,2,2,2,2,2,2,2,3,3,3,3,4,4,3,1,4,2,2,4,1,2,1,1,1,2,1,25,4,0,-2,0,2,1997,1,58,0,0,8,38,2,1,2,2,1,2,2,2,1,1,2,1,2,1,1
86,10,1,1,1,0.673913043478261,2,3,2,6,1,2,4,2,4,4,3,4,4,4,5,4,2,2,3,2,5,2,5,5,4,3,1,4,2,3,3,3,3,2,1,2,1,1,1,2,3,10,2,1,1,1,1,1999,1,75,10,0,7,5,3,3,2,1,2,1,2,1,1,1,2,1,2,1,1
97,100,2,2,3,81,3,4,4,6,1,3,2,3,3,3,2,2,3,4,4,4,2,2,1,3,4,4,4,4,4,2,4,3,4,4,2,2,2,2,1,1,2,1,1,2,1,10,4,2,2,-1,1,1998,1,63,0,5,10,15,2,3,2,1,1,2,2,2,2,3,2,1,1,2,2
100,90,1,1,2,3.38095238095238,2,2,2,7,2,3,1,2,5,4,3,3,4,5,2,2,1,2,1,3,5,4,5,5,3,3,2,4,4,2,4,4,1,1,1,1,1,1,2,2,2,20,4,5,4,0,1,1994,1,90,16,0,8,60,2,1,1,2,2,2,1,1,1,2,2,1,1,2,1
29,19,3,2,2,3.72727272727273,4,6,5,4,3,2,3,2,3,4,2,2,3,4,4,4,2,1,3,3,4,4,4,4,4,3,3,5,3,2,2,2,3,2,1,1,1,1,1,4,2,30,2,2,2,3,1,1997,1,75,12,0,4,10,3,3,2,2,2,2,2,3,2,2,2,1,1,2,1
50,75,1,2,3,3.1875,2,2,2,6,2,3,2,3,4,3,2,2,3,3,4,3,2,2,2,3,4,3,5,5,5,4,2,4,3,2,3,2,3,4,1,2,1,2,2,2,1,20,4,3,-1,0,2,1999,1,75,0,0,5,8,2,2,2,1,2,2,2,1,2,3,2,1,1,2,1
0,1,3,2,1,1,1,2,2,7,2,4,3,4,3,3,1,2,4,4,3,5,2,4,2,3,4,4,6,2,3,2,4,3,4,1,3,4,4,3,1,2,1,1,1,3,3,20,2,-5,-3,-2,1,1997,1,70,3,0,8,8,1,1,2,1,1,2,1,1,4,3,2,1,1,2,1
25,25,3,2,2,0.268292682926829,1,1,1,7,1,1,1,1,5,3,1,1,2,3,5,2,1,1,2,3,5,4,4,4,4,3,1,1,1,1,5,4,4,5,1,2,1,1,1,3,4,5,2,0,3,5,2,1999,1,80,5,0,6,18,1,2,2,1,2,2,2,3,2,2,2,2,2,1,2
20,30,1,1,2,1.96774193548387,5,5,5,3,1,1,2,1,4,2,2,4,4,3,2,4,3,2,2,4,2,1,6,6,6,3,4,4,4,1,4,4,4,4,1,1,1,2,2,2,1,10,2,-2,2,5,1,1998,1,70,16,0,5,25,1,1,2,1,2,2,2,2,1,2,2,1,1,2,1
70,40,1,1,1,1.24390243902439,7,6,6,3,1,3,1,2,2,3,4,2,4,4,2,2,5,2,4,5,3,5,6,4,5,3,4,5,4,3,4,4,4,4,1,2,1,1,2,2,1,10,4,3,3,5,1,1998,1,66,10,0,10,15,1,5,2,1,1,2,2,1,1,1,2,1,1,2,1
10,50,3,2,3,2.42857142857143,2,2,2,6,2,3,1,3,3,4,3,2,4,3,4,3,4,4,3,2,3,4,4,3,4,4,3,5,3,4,1,2,1,1,1,2,1,1,1,2,1,15,2,-3,-4,0,1,1997,1,80,10,10,10,15,1,4,2,1,2,1,2,3,1,3,2,2,1,2,1
56,100,1,2,2,1.96774193548387,2,3,2,6,1,2,1,3,4,4,2,2,3,4,3,4,2,2,2,3,4,4,4,4,3,2,2,4,3,2,4,3,4,4,1,1,1,1,1,2,1,20,4,-2,-2,2,1,1997,1,59,15,2,8,20,2,1,2,2,1,2,2,2,1,2,2,1,1,1,1
30,50,2,2,3,1.47619047619048,1,1,1,7,1,2,2,2,1,1,3,3,4,1,3,2,4,4,4,3,4,2,2,2,3,3,2,4,2,2,2,2,2,2,1,2,1,2,2,3,3,8,4,4,-1,2,1,1997,1,67,1,0,3,3,2,3,2,1,1,2,1,2,2,3,2,2,2,1,1
